--statements written here will be executed by hibernate after it generates the schema in the database (only for create and create-drop modes, ignored for update and validate modes)
--The statments should be in the same line, as the automatic insert does not work if and query is in two different lines

-- Create Court Centres
INSERT INTO courtcenter(id, centername, code) VALUES (1000, 'Birmingham', 404);
INSERT INTO courtcenter(id, centername, code) VALUES (2000, 'Test-Center', 500);
INSERT INTO courtcenter(id, centername, code) VALUES (2001, 'Centre371', 403);
INSERT INTO courtcenter(id, centername, code) VALUES (2002, 'Centre736', 501);
INSERT INTO courtcenter(id, centername, code) VALUES (2003, 'Centre739', 502);
INSERT INTO courtcenter(id, centername, code) VALUES (2004, 'Centre764', 503);
INSERT INTO courtcenter(id, centername, code) VALUES (2005, 'Centre761', 504);

-- Create entries in Court Diary for each of the above Court Centres
insert into courtdiary( id , courtcenterid)  (select nextval('CourtDiary_Seq'),id from courtcenter);

-- Create Court Rooms
INSERT INTO courtroom( id, roomname)  VALUES (  nextval('CourtRoom_Seq') , 'UniqueRoom');
INSERT INTO courtroom( id, roomname)  VALUES (  nextval('CourtRoom_Seq'), 'FirstRoom');
INSERT INTO courtroom( id, roomname)  VALUES (  nextval('CourtRoom_Seq'), 'SecondRoom');
INSERT INTO courtroom( id, roomname)  VALUES (  nextval('CourtRoom_Seq'), 'Court325');
INSERT INTO courtroom( id, roomname)  VALUES (  nextval('CourtRoom_Seq'), 'Room377');
INSERT INTO courtroom( id, roomname)  VALUES (  nextval('CourtRoom_Seq'), 'Room681-1');
INSERT INTO courtroom( id, roomname)  VALUES (  nextval('CourtRoom_Seq'), 'Room684');
INSERT INTO courtroom( id, roomname)  VALUES (  nextval('CourtRoom_Seq'), 'Room681-2');
INSERT INTO courtroom( id, roomname)  VALUES (  nextval('CourtRoom_Seq'), 'Room681-3');
INSERT INTO courtroom( id, roomname)  VALUES (  nextval('CourtRoom_Seq'), 'Room379-1');
INSERT INTO courtroom( id, roomname)  VALUES (  nextval('CourtRoom_Seq'), 'Room379-2');
INSERT INTO courtroom( id, roomname)  VALUES (  nextval('CourtRoom_Seq'), 'Room379-3');
INSERT INTO courtroom( id, roomname)  VALUES (  nextval('CourtRoom_Seq'), 'Room379-4');
INSERT INTO courtroom( id, roomname)  VALUES (  nextval('CourtRoom_Seq'), 'Room138-1');
INSERT INTO courtroom( id, roomname)  VALUES (  nextval('CourtRoom_Seq'), 'Room780');


-- Create entries in Court Room diary for each of the above rooms 
INSERT INTO courtroomindiary(id , courtdiaryid, roomid)   (select  nextval('CourtRoomInDiary_Seq') , (select cd.id from courtdiary cd , courtcenter  cc where cc.id=cd.courtcenterid and  cc.centername='Birmingham') , id from courtroom );

-- Create Court Room and court room diary specifically for Court Centre 'Centre739'
INSERT INTO courtroom( id, roomname)  VALUES (  nextval('CourtRoom_Seq'), 'Room739-1');
INSERT INTO courtroomindiary(id , courtdiaryid, roomid)   (select  nextval('CourtRoomInDiary_Seq') , (select cd.id from courtdiary cd , courtcenter  cc where cc.id=cd.courtcenterid and  cc.centername='Centre739') , id from courtroom where roomname = 'Room739-1');
-- Create Court Room and court room diary specifically for Court Centre 'Centre764'
INSERT INTO courtroom( id, roomname)  VALUES (  nextval('CourtRoom_Seq'), 'Room764-1');
INSERT INTO courtroomindiary(id , courtdiaryid, roomid)   (select  nextval('CourtRoomInDiary_Seq') , (select cd.id from courtdiary cd , courtcenter  cc where cc.id=cd.courtcenterid and  cc.centername='Centre764') , id from courtroom where roomname = 'Room764-1');

-- Create Court Room and court room diary specifically for Court Centre 'Centre761'
INSERT INTO courtroom( id, roomname)  VALUES (  nextval('CourtRoom_Seq'), 'CourtRoomA');
INSERT INTO courtroom( id, roomname)  VALUES (  nextval('CourtRoom_Seq'), 'CourtRoomB');
INSERT INTO courtroom( id, roomname)  VALUES (  nextval('CourtRoom_Seq'), 'CourtRoomC');
INSERT INTO courtroom( id, roomname)  VALUES (  nextval('CourtRoom_Seq'), 'CourtRoomD');
INSERT INTO courtroom( id, roomname)  VALUES (  nextval('CourtRoom_Seq'), 'CourtRoomF');
INSERT INTO courtroomindiary(id , courtdiaryid, roomid)   (select  nextval('CourtRoomInDiary_Seq') , (select cd.id from courtdiary cd , courtcenter  cc where cc.id=cd.courtcenterid and  cc.centername='Centre761') , id from courtroom where roomname = 'CourtRoomA');
INSERT INTO courtroomindiary(id , courtdiaryid, roomid)   (select  nextval('CourtRoomInDiary_Seq') , (select cd.id from courtdiary cd , courtcenter  cc where cc.id=cd.courtcenterid and  cc.centername='Centre761') , id from courtroom where roomname = 'CourtRoomB');
INSERT INTO courtroomindiary(id , courtdiaryid, roomid)   (select  nextval('CourtRoomInDiary_Seq') , (select cd.id from courtdiary cd , courtcenter  cc where cc.id=cd.courtcenterid and  cc.centername='Centre761') , id from courtroom where roomname = 'CourtRoomC');
INSERT INTO courtroomindiary(id , courtdiaryid, roomid)   (select  nextval('CourtRoomInDiary_Seq') , (select cd.id from courtdiary cd , courtcenter  cc where cc.id=cd.courtcenterid and  cc.centername='Centre761') , id from courtroom where roomname = 'CourtRoomD');
INSERT INTO courtroomindiary(id , courtdiaryid, roomid)   (select  nextval('CourtRoomInDiary_Seq') , (select cd.id from courtdiary cd , courtcenter  cc where cc.id=cd.courtcenterid and  cc.centername='Centre761') , id from courtroom where roomname = 'CourtRoomF');


INSERT INTO judicialofficer(id, fullname, judicialofficertype, isqc, isresident)   VALUES (9000, 'UniqueJudge', 'CIRCUIT', 'Y','Y');
INSERT INTO panel(id, description)  VALUES (9000, 'Panel for UniqueJudge');
INSERT INTO panelmember(id, judicialofficerid, panelid, panelmembertype)  VALUES (9000, 9000, 9000, 'JUDGE');

INSERT INTO judicialofficer(id, fullname, judicialofficertype, isqc, isresident)   VALUES (9001, 'JudgeDJS', 'CIRCUIT', 'Y','Y');
INSERT INTO panel(id, description)  VALUES (9001, 'Panel for JudgeDJS');
INSERT INTO panelmember(id, judicialofficerid, panelid, panelmembertype)  VALUES (9001, 9001, 9001, 'JUDGE');


INSERT INTO judicialofficer(id, fullname, judicialofficertype, isqc, isresident)   VALUES (9002, 'Judge A', 'CIRCUIT', 'Y','Y');
INSERT INTO judicialofficer(id, fullname, judicialofficertype, isqc, isresident)   VALUES (9003, 'Judge B', 'CIRCUIT', 'Y','Y');
INSERT INTO judicialofficer(id, fullname, judicialofficertype, isqc, isresident)   VALUES (9004, 'Judge C', 'CIRCUIT', 'Y','Y');
INSERT INTO judicialofficer(id, fullname, judicialofficertype, isqc, isresident)   VALUES (9005, 'Judge F', 'CIRCUIT', 'Y','Y');

INSERT INTO sittingdate( id, courtroomid ,day) (select nextval('SittingDate_Seq') ,(select id from courtroom  where roomname = 'Room379-1' ), ((date_trunc('week',current_date)::date) + (i+6)) as week_date   from generate_Series(1,5) i);
INSERT INTO sittingdate( id, courtroomid ,day) (select nextval('SittingDate_Seq') ,(select id from courtroom  where roomname = 'Room379-2' ), ((date_trunc('week',current_date)::date) + (i+6)) as week_date   from generate_Series(1,5) i);
INSERT INTO sittingdate( id, courtroomid ,day) (select nextval('SittingDate_Seq') ,(select id from courtroom  where roomname = 'Room379-3' ), ((date_trunc('week',current_date)::date) + (i+6)) as week_date   from generate_Series(1,5) i);
INSERT INTO sittingdate( id, courtroomid ,day) (select nextval('SittingDate_Seq') ,(select id from courtroom  where roomname = 'Room379-4' ), ((date_trunc('week',current_date)::date) + (i+6)) as week_date   from generate_Series(1,5) i);

INSERT INTO sittingdate( id, courtroomid ,day) (select nextval('SittingDate_Seq') ,(select id from courtroom  where roomname = 'Room780' ), ((date_trunc('week',current_date)::date) + (i+6)) as week_date   from generate_Series(1,5) i);
INSERT INTO sittingdate( id, courtroomid ,day) (select nextval('SittingDate_Seq') ,(select id from courtroom  where roomname = 'Room780' ), ((date_trunc('week',current_date)::date) + (i+13)) as week_date   from generate_Series(1,5) i);

INSERT INTO courtsession(id,  panelid, sittingid) (select  nextval('CourtSession_Seq'), (select id from judicialofficer where fullname = 'UniqueJudge') ,  id from sittingdate );
INSERT INTO sessionblock(id, blocktype, sessionid) (select nextval('SessionBlock_Seq') ,'TRIAL', id from  courtsession );

-- Case Creation
INSERT INTO caserelated(id, crestcasenumber, enddate, leaddefendant, mostseriousoffence, offenceclass, releasedecisionstatus, ticketingrequirement, trialestimate, estimationunit, numberOfDefendant, courtcenterid) VALUES (1000, 'T100', '12-12-2015', 'Nigel', 'most-serious', 'CLASS1', 'AR', 'NON', 1.2, 'DAYS', 3, 1000);
INSERT INTO caserelated(id, crestcasenumber, enddate, leaddefendant, mostseriousoffence, offenceclass, releasedecisionstatus, ticketingrequirement, trialestimate, estimationunit, numberOfDefendant, courtcenterid) VALUES (2000, 'T200', '12-12-2015', 'David', 'most-serious', 'CLASS1', 'AR', 'MUR', 9, 'HOURS', 2, 1000);
INSERT INTO caserelated(id, crestcasenumber, enddate, leaddefendant, mostseriousoffence, offenceclass, releasedecisionstatus, ticketingrequirement, trialestimate, estimationunit, numberOfDefendant, courtcenterid) VALUES (3000, 'T300', '12-12-2015', 'Ed', 'most-serious', 'CLASS2', 'AR', 'RAP', 8,  'HOURS',10, 1000);
INSERT INTO caserelated(id, crestcasenumber, enddate, leaddefendant, mostseriousoffence, offenceclass, releasedecisionstatus, ticketingrequirement, trialestimate, estimationunit, numberOfDefendant, courtcenterid) VALUES (4000, 'T400', '12-12-2015', 'Ed', 'most-serious', 'CLASS2', 'AR', 'ATT', 1.7, 'WEEKS',1, 1000);
INSERT INTO caserelated(id, crestcasenumber, enddate, leaddefendant, mostseriousoffence, offenceclass, releasedecisionstatus, ticketingrequirement, trialestimate, estimationunit, numberOfDefendant, courtcenterid) VALUES (5000, 'T500', '12-12-2015', 'Ed', 'most-serious', 'CLASS2', 'AR', 'ATT', 10, 'DAYS', 0, 1000);
INSERT INTO caserelated(id, crestcasenumber, enddate, leaddefendant, mostseriousoffence, offenceclass, releasedecisionstatus, ticketingrequirement, trialestimate, estimationunit, numberOfDefendant, courtcenterid, dateofsending) VALUES (6000, 'T600', '12-12-2015', 'Defendant T600', 'most-serious', 'CLASS2', 'AR', 'RAP', 1, 'DAYS', 0, 1000, (current_date - INTERVAL '160 days'));
INSERT INTO caserelated(id, crestcasenumber, enddate, leaddefendant, mostseriousoffence, offenceclass, releasedecisionstatus, ticketingrequirement, trialestimate, estimationunit, numberOfDefendant, courtcenterid) VALUES (7000, 'T700', '12-12-2015', 'Defendant T700', 'most-serious', 'CLASS2', 'AR', 'RAP', 1, 'DAYS', 0, 1000);
INSERT INTO caserelated(id, crestcasenumber, enddate, leaddefendant, mostseriousoffence, offenceclass, releasedecisionstatus, ticketingrequirement, trialestimate, estimationunit, numberOfDefendant, courtcenterid) VALUES (8000, 'T800', '12-12-2015', 'Defendant T800', 'most-serious', 'CLASS2', 'AR', 'RAP', 1, 'DAYS', 0, 1000);
INSERT INTO caserelated(id, crestcasenumber, enddate, leaddefendant, mostseriousoffence, offenceclass, releasedecisionstatus, ticketingrequirement, trialestimate, estimationunit, numberOfDefendant, courtcenterid) VALUES (9000, 'T900', '12-12-2015', 'Ed', 'most-serious', 'CLASS2', 'AR', 'RAP', 10, 'DAYS', 0, 1000);
INSERT INTO caserelated(id, crestcasenumber, enddate, leaddefendant, mostseriousoffence, offenceclass, releasedecisionstatus, ticketingrequirement, trialestimate, estimationunit, numberOfDefendant, courtcenterid) VALUES (9001, 'T1000', '12-12-2015', 'Jaggu Dada', 'most-serious', 'CLASS1', 'AR', 'RAP', 5, 'DAYS', 0, 1000);
INSERT INTO caserelated(id, crestcasenumber, enddate, leaddefendant, mostseriousoffence, offenceclass, releasedecisionstatus, ticketingrequirement, trialestimate, estimationunit, numberOfDefendant, courtcenterid) VALUES (9002, 'T1001', '12-12-2015', 'Gabbar Dada', 'most-serious', 'CLASS2', 'AR', 'RAP', 10, 'DAYS', 0, 1000);
INSERT INTO caserelated(id, crestcasenumber, enddate, leaddefendant, mostseriousoffence, offenceclass, releasedecisionstatus, ticketingrequirement, trialestimate, estimationunit, numberOfDefendant, courtcenterid) VALUES (9003, 'T401', '12-12-2015', 'Ed', 'most-serious', 'CLASS2', 'AR', 'ATT', 1.7, 'WEEKS',1, 1000);
INSERT INTO caserelated(id, crestcasenumber, enddate, leaddefendant, mostseriousoffence, offenceclass, releasedecisionstatus, ticketingrequirement, trialestimate, estimationunit, numberOfDefendant, courtcenterid) VALUES (9004, 'T501', '12-12-2015', 'Ed', 'most-serious', 'CLASS2', 'AR', 'ATT', 0, 'HOURS', 0, 1000);
INSERT INTO caserelated(id, crestcasenumber, enddate, leaddefendant, mostseriousoffence, offenceclass, releasedecisionstatus, ticketingrequirement, trialestimate, estimationunit, numberOfDefendant, courtcenterid) VALUES (9005, 'T1002', '12-12-2015', 'Ed', 'most-serious', 'CLASS2', 'AR', 'ATT', 0, 'HOURS', 0, 1000);
INSERT INTO caserelated(id, crestcasenumber, enddate, leaddefendant, mostseriousoffence, offenceclass, releasedecisionstatus, ticketingrequirement, trialestimate, estimationunit, numberOfDefendant, courtcenterid, dateofsending, dateofcommittal) VALUES (9006, 'T1003', '12-12-2015', 'Defendant', 'most-serious', 'CLASS2', 'AR', 'NON', 1, 'HOURS', 0, 1000,  (current_date + INTERVAL '2 days'),  (current_date + INTERVAL '4 days'));
INSERT INTO caserelated(id, crestcasenumber, enddate, leaddefendant, mostseriousoffence, offenceclass, releasedecisionstatus, ticketingrequirement, trialestimate, estimationunit, numberOfDefendant, courtcenterid) VALUES (1001, 'T525', '12-12-2015', 'Nigel Farage', 'most-serious', 'CLASS1', 'AR', 'NON', 1, 'DAYS', 3, 1000);
INSERT INTO caserelated(id, crestcasenumber, enddate, leaddefendant, mostseriousoffence, offenceclass, releasedecisionstatus, ticketingrequirement, trialestimate, estimationunit, numberOfDefendant, courtcenterid) VALUES (1002, 'D525', '12-12-2015', 'Nigel Farage', 'most-serious', 'CLASS1', 'AR', 'NON', 1, 'DAYS', 3, 1000);

INSERT INTO caserelated(id, crestcasenumber, enddate, leaddefendant, mostseriousoffence, offenceclass, releasedecisionstatus, ticketingrequirement, trialestimate, estimationunit, numberOfDefendant, courtcenterid, dateofsending, dateofcommittal) VALUES (9007, 'T20131111', '12-12-2015', 'Defendant', 'most-serious', 'CLASS2', 'AR', 'NON', 1, 'HOURS', 0, 1000,  (current_date + INTERVAL '2 days'),  (current_date + INTERVAL '4 days'));
INSERT INTO caserelated(id, crestcasenumber, enddate, leaddefendant, mostseriousoffence, offenceclass, releasedecisionstatus, ticketingrequirement, trialestimate, estimationunit, numberOfDefendant, courtcenterid, dateofsending, dateofcommittal) VALUES (9008, 'T20141111', '12-12-2015', 'Defendant', 'most-serious', 'CLASS2', 'AR', 'NON', 1, 'HOURS', 0, 1000,  (current_date + INTERVAL '2 days'),  (current_date + INTERVAL '4 days'));
INSERT INTO caserelated(id, crestcasenumber, enddate, leaddefendant, mostseriousoffence, offenceclass, releasedecisionstatus, ticketingrequirement, trialestimate, estimationunit, numberOfDefendant, courtcenterid, dateofsending, dateofcommittal) VALUES (9009, 'T20151111', '12-12-2015', 'Defendant', 'most-serious', 'CLASS2', 'AR', 'NON', 1, 'HOURS', 0, 1000,  (current_date + INTERVAL '2 days'),  (current_date + INTERVAL '4 days'));
INSERT INTO caserelated(id, crestcasenumber, enddate, leaddefendant, mostseriousoffence, offenceclass, releasedecisionstatus, ticketingrequirement, trialestimate, estimationunit, numberOfDefendant, courtcenterid, dateofsending, dateofcommittal) VALUES (9010, 'T20132222', '12-12-2015', 'Defendant', 'most-serious', 'CLASS2', 'AR', 'NON', 1, 'HOURS', 0, 1000,  (current_date + INTERVAL '2 days'),  (current_date + INTERVAL '4 days'));
INSERT INTO caserelated(id, crestcasenumber, enddate, leaddefendant, mostseriousoffence, offenceclass, releasedecisionstatus, ticketingrequirement, trialestimate, estimationunit, numberOfDefendant, courtcenterid, dateofsending, dateofcommittal) VALUES (9011, 'T20142222', '12-12-2015', 'Defendant', 'most-serious', 'CLASS2', 'AR', 'NON', 1, 'HOURS', 0, 1000,  (current_date + INTERVAL '2 days'),  (current_date + INTERVAL '4 days'));
INSERT INTO caserelated(id, crestcasenumber, enddate, leaddefendant, mostseriousoffence, offenceclass, releasedecisionstatus, ticketingrequirement, trialestimate, estimationunit, numberOfDefendant, courtcenterid, dateofsending, dateofcommittal) VALUES (9012, 'T20152222', '12-12-2015', 'Defendant', 'most-serious', 'CLASS2', 'AR', 'NON', 1, 'HOURS', 0, 1000,  (current_date + INTERVAL '2 days'),  (current_date + INTERVAL '4 days'));
INSERT INTO caserelated(id, crestcasenumber, enddate, leaddefendant, mostseriousoffence, offenceclass, releasedecisionstatus, ticketingrequirement, trialestimate, estimationunit, numberOfDefendant, courtcenterid, dateofsending, dateofcommittal) VALUES (9013, 'T20143333', '12-12-2015', 'Defendant', 'most-serious', 'CLASS2', 'AR', 'NON', 1, 'HOURS', 0, 1000,  (current_date + INTERVAL '2 days'),  (current_date + INTERVAL '4 days'));
INSERT INTO caserelated(id, crestcasenumber, enddate, leaddefendant, mostseriousoffence, offenceclass, releasedecisionstatus, ticketingrequirement, trialestimate, estimationunit, numberOfDefendant, courtcenterid, dateofsending, dateofcommittal) VALUES (9014, 'T20153333', '12-12-2015', 'Defendant', 'most-serious', 'CLASS2', 'AR', 'NON', 1, 'HOURS', 0, 1000,  (current_date + INTERVAL '2 days'),  (current_date + INTERVAL '4 days'));

INSERT INTO caserelated(id, crestcasenumber, enddate, leaddefendant, mostseriousoffence, offenceclass, releasedecisionstatus, ticketingrequirement, trialestimate, estimationunit, numberOfDefendant, courtcenterid, dateofsending) VALUES (9015, 'T1004', '12-12-2015', 'Defendant', 'most-serious', 'CLASS2', 'AR', 'NON', 1, 'HOURS', 0, 1000,  (current_date + INTERVAL '2 days'));
INSERT INTO caserelated(id, crestcasenumber, enddate, leaddefendant, mostseriousoffence, offenceclass, releasedecisionstatus, ticketingrequirement, trialestimate, estimationunit, numberOfDefendant, courtcenterid, dateofcommittal) VALUES (9016, 'T1005', '12-12-2015', 'Defendant', 'most-serious', 'CLASS2', 'AR', 'NON', 1, 'HOURS', 0, 1000,  (current_date));
INSERT INTO caserelated(id, crestcasenumber, enddate, leaddefendant, mostseriousoffence, offenceclass, releasedecisionstatus, ticketingrequirement, trialestimate, estimationunit, numberOfDefendant, courtcenterid, dateofsending, dateofcommittal) VALUES (9017, 'T1006', '12-12-2015', 'Defendant', 'most-serious', 'CLASS2', 'AR', 'NON', 1, 'HOURS', 0, 1000,  (current_date),  (current_date + INTERVAL '4 days'));

-- Create Cases for Find Slot Default Time Window
INSERT INTO caserelated(id, crestcasenumber, enddate, leaddefendant, mostseriousoffence, offenceclass, releasedecisionstatus, ticketingrequirement, trialestimate, estimationunit, numberOfDefendant, courtcenterid, dateofsending) VALUES (9018, 'CCS-739-1', '12-12-2015', 'Def1', 'most-serious', 'CLASS2', 'AR', 'NON', 1, 'HOURS', 0, 2003, (current_date - INTERVAL '110 days'));
INSERT INTO caserelated(id, crestcasenumber, enddate, leaddefendant, mostseriousoffence, offenceclass, releasedecisionstatus, ticketingrequirement, trialestimate, estimationunit, numberOfDefendant, courtcenterid, dateofsending) VALUES (9019, 'CCS-739-2', '12-12-2015', 'Def1', 'most-serious', 'CLASS2', 'AR', 'NON', 1, 'HOURS', 0, 2003, (current_date - INTERVAL '110 days'));
INSERT INTO caserelated(id, crestcasenumber, enddate, leaddefendant, mostseriousoffence, offenceclass, releasedecisionstatus, ticketingrequirement, trialestimate, estimationunit, numberOfDefendant, courtcenterid, dateofsending) VALUES (9020, 'CCS-739-3', '12-12-2015', 'Def1', 'most-serious', 'CLASS2', 'AR', 'NON', 1, 'HOURS', 0, 2003, (current_date - INTERVAL '110 days'));
INSERT INTO caserelated(id, crestcasenumber, enddate, leaddefendant, mostseriousoffence, offenceclass, releasedecisionstatus, ticketingrequirement, trialestimate, estimationunit, numberOfDefendant, courtcenterid, dateofsending) VALUES (9021, 'CCS-739-4', '12-12-2015', 'Def1', 'most-serious', 'CLASS2', 'AR', 'NON', 1, 'HOURS', 0, 2003, (current_date - INTERVAL '110 days'));
INSERT INTO caserelated(id, crestcasenumber, enddate, leaddefendant, mostseriousoffence, offenceclass, releasedecisionstatus, ticketingrequirement, trialestimate, estimationunit, numberOfDefendant, courtcenterid, dateofsending) VALUES (9022, 'CCS-739-5', '12-12-2015', 'Def1', 'most-serious', 'CLASS2', 'AR', 'NON', 1, 'HOURS', 0, 2003, (current_date - INTERVAL '110 days'));
INSERT INTO caserelated(id, crestcasenumber, enddate, leaddefendant, mostseriousoffence, offenceclass, releasedecisionstatus, ticketingrequirement, trialestimate, estimationunit, numberOfDefendant, courtcenterid, dateofsending) VALUES (9023, 'CCS-739-6', '12-12-2015', 'Def1', 'most-serious', 'CLASS2', 'AR', 'NON', 1, 'HOURS', 0, 2003, (current_date - INTERVAL '110 days'));
INSERT INTO caserelated(id, crestcasenumber, enddate, leaddefendant, mostseriousoffence, offenceclass, releasedecisionstatus, ticketingrequirement, trialestimate, estimationunit, numberOfDefendant, courtcenterid, dateofsending) VALUES (9024, 'CCS-739-7', '12-12-2015', 'Def1', 'most-serious', 'CLASS2', 'AR', 'NON', 1, 'HOURS', 0, 2003, (current_date - INTERVAL '110 days'));
INSERT INTO caserelated(id, crestcasenumber, enddate, leaddefendant, mostseriousoffence, offenceclass, releasedecisionstatus, ticketingrequirement, trialestimate, estimationunit, numberOfDefendant, courtcenterid, dateofsending) VALUES (9025, 'CCS-739-8', '12-12-2015', 'Def1', 'most-serious', 'CLASS2', 'AR', 'NON', 1, 'HOURS', 0, 2003, (current_date - INTERVAL '110 days'));
INSERT INTO caserelated(id, crestcasenumber, enddate, leaddefendant, mostseriousoffence, offenceclass, releasedecisionstatus, ticketingrequirement, trialestimate, estimationunit, numberOfDefendant, courtcenterid, dateofsending) VALUES (9026, 'CCS-739-9', '12-12-2015', 'Def1', 'most-serious', 'CLASS2', 'AR', 'NON', 1, 'HOURS', 0, 2003, (current_date - INTERVAL '110 days'));
INSERT INTO caserelated(id, crestcasenumber, enddate, leaddefendant, mostseriousoffence, offenceclass, releasedecisionstatus, ticketingrequirement, trialestimate, estimationunit, numberOfDefendant, courtcenterid, dateofsending) VALUES (9027, 'CCS-739-10', '12-12-2015', 'Def1', 'most-serious', 'CLASS2', 'AR', 'NON', 1, 'HOURS', 0, 2003, (current_date - INTERVAL '110 days'));
INSERT INTO caserelated(id, crestcasenumber, enddate, leaddefendant, mostseriousoffence, offenceclass, releasedecisionstatus, ticketingrequirement, trialestimate, estimationunit, numberOfDefendant, courtcenterid, dateofsending) VALUES (9028, 'CCS-739-11', '12-12-2015', 'Def1', 'most-serious', 'CLASS2', 'AR', 'NON', 1, 'HOURS', 0, 2003, (current_date - INTERVAL '110 days'));
INSERT INTO caserelated(id, crestcasenumber, enddate, leaddefendant, mostseriousoffence, offenceclass, releasedecisionstatus, ticketingrequirement, trialestimate, estimationunit, numberOfDefendant, courtcenterid, dateofsending) VALUES (9029, 'CCS-739-12', '12-12-2015', 'Def1', 'most-serious', 'CLASS2', 'AR', 'NON', 1, 'HOURS', 0, 2003, (current_date - INTERVAL '110 days'));
INSERT INTO caserelated(id, crestcasenumber, enddate, leaddefendant, mostseriousoffence, offenceclass, releasedecisionstatus, ticketingrequirement, trialestimate, estimationunit, numberOfDefendant, courtcenterid, dateofsending) VALUES (9030, 'CCS-739-13', '12-12-2015', 'Def1', 'most-serious', 'CLASS2', 'AR', 'NON', 1, 'HOURS', 0, 2003, (current_date - INTERVAL '110 days'));
INSERT INTO caserelated(id, crestcasenumber, enddate, leaddefendant, mostseriousoffence, offenceclass, releasedecisionstatus, ticketingrequirement, trialestimate, estimationunit, numberOfDefendant, courtcenterid, dateofsending) VALUES (9031, 'CCS-739-14', '12-12-2015', 'Def1', 'most-serious', 'CLASS2', 'AR', 'NON', 1, 'HOURS', 0, 2003, (current_date - INTERVAL '110 days'));
INSERT INTO caserelated(id, crestcasenumber, enddate, leaddefendant, mostseriousoffence, offenceclass, releasedecisionstatus, ticketingrequirement, trialestimate, estimationunit, numberOfDefendant, courtcenterid, dateofsending) VALUES (9032, 'CCS-739-15', '12-12-2015', 'Def1', 'most-serious', 'CLASS2', 'AR', 'NON', 1, 'HOURS', 0, 2003, (current_date - INTERVAL '160 days'));
INSERT INTO caserelated(id, crestcasenumber, enddate, leaddefendant, mostseriousoffence, offenceclass, releasedecisionstatus, ticketingrequirement, trialestimate, estimationunit, numberOfDefendant, courtcenterid, dateofsending) VALUES (9033, 'CCS-739-16', '12-12-2015', 'Def1', 'most-serious', 'CLASS2', 'AR', 'NON', 1, 'HOURS', 0, 2003, (current_date - INTERVAL '160 days'));
INSERT INTO caserelated(id, crestcasenumber, enddate, leaddefendant, mostseriousoffence, offenceclass, releasedecisionstatus, ticketingrequirement, trialestimate, estimationunit, numberOfDefendant, courtcenterid, dateofsending) VALUES (9034, 'CCS-739-17', '12-12-2015', 'Def1', 'most-serious', 'CLASS2', 'AR', 'NON', 1, 'HOURS', 0, 2003, (current_date - INTERVAL '182 days'));
INSERT INTO caserelated(id, crestcasenumber, enddate, leaddefendant, mostseriousoffence, offenceclass, releasedecisionstatus, ticketingrequirement, trialestimate, estimationunit, numberOfDefendant, courtcenterid, dateofsending) VALUES (9035, 'CCS-739-18', '12-12-2015', 'Def1', 'most-serious', 'CLASS2', 'AR', 'NON', 1, 'HOURS', 0, 2003, (current_date - INTERVAL '182 days'));

-- Create Cases for Find Slot Non Available Dates
INSERT INTO caserelated(id, crestcasenumber, enddate, leaddefendant, mostseriousoffence, offenceclass, releasedecisionstatus, ticketingrequirement, trialestimate, estimationunit, numberOfDefendant, courtcenterid, dateofsending) VALUES (9036, 'CCS-764-1', '12-12-2015', 'Def1', 'most-serious', 'CLASS2', 'AR', 'NON', 1, 'HOURS', 0, 2004, (current_date - INTERVAL '160 days'));
INSERT INTO caserelated(id, crestcasenumber, enddate, leaddefendant, mostseriousoffence, offenceclass, releasedecisionstatus, ticketingrequirement, trialestimate, estimationunit, numberOfDefendant, courtcenterid, dateofsending) VALUES (9037, 'CCS-764-2', '12-12-2015', 'Def1', 'most-serious', 'CLASS2', 'AR', 'NON', 1, 'HOURS', 0, 2004, (current_date - INTERVAL '160 days'));
INSERT INTO caserelated(id, crestcasenumber, enddate, leaddefendant, mostseriousoffence, offenceclass, releasedecisionstatus, ticketingrequirement, trialestimate, estimationunit, numberOfDefendant, courtcenterid, dateofsending) VALUES (9038, 'CCS-764-3', '12-12-2015', 'Def1', 'most-serious', 'CLASS2', 'AR', 'NON', 1, 'HOURS', 0, 2004, (current_date - INTERVAL '160 days'));
INSERT INTO caserelated(id, crestcasenumber, enddate, leaddefendant, mostseriousoffence, offenceclass, releasedecisionstatus, ticketingrequirement, trialestimate, estimationunit, numberOfDefendant, courtcenterid, dateofsending) VALUES (9039, 'CCS-764-4', '12-12-2015', 'Def1', 'most-serious', 'CLASS2', 'AR', 'NON', 1, 'HOURS', 0, 2004, (current_date - INTERVAL '160 days'));
INSERT INTO caserelated(id, crestcasenumber, enddate, leaddefendant, mostseriousoffence, offenceclass, releasedecisionstatus, ticketingrequirement, trialestimate, estimationunit, numberOfDefendant, courtcenterid, dateofsending) VALUES (9040, 'CCS-764-5', '12-12-2015', 'Def1', 'most-serious', 'CLASS2', 'AR', 'NON', 1, 'HOURS', 0, 2004, (current_date - INTERVAL '160 days'));
INSERT INTO caserelated(id, crestcasenumber, enddate, leaddefendant, mostseriousoffence, offenceclass, releasedecisionstatus, ticketingrequirement, trialestimate, estimationunit, numberOfDefendant, courtcenterid, dateofsending) VALUES (9041, 'CCS-764-6', '12-12-2015', 'Def1', 'most-serious', 'CLASS2', 'AR', 'NON', 1, 'HOURS', 0, 2004, (current_date - INTERVAL '160 days'));
INSERT INTO caserelated(id, crestcasenumber, enddate, leaddefendant, mostseriousoffence, offenceclass, releasedecisionstatus, ticketingrequirement, trialestimate, estimationunit, numberOfDefendant, courtcenterid, dateofsending) VALUES (9042, 'CCS-764-7', '12-12-2015', 'Def1', 'most-serious', 'CLASS2', 'AR', 'NON', 1, 'HOURS', 0, 2004, (current_date - INTERVAL '160 days'));
INSERT INTO caserelated(id, crestcasenumber, enddate, leaddefendant, mostseriousoffence, offenceclass, releasedecisionstatus, ticketingrequirement, trialestimate, estimationunit, numberOfDefendant, courtcenterid, dateofsending) VALUES (9043, 'CCS-764-8', '12-12-2015', 'Def1', 'most-serious', 'CLASS2', 'AR', 'NON', 1, 'HOURS', 0, 2004, (current_date - INTERVAL '160 days'));
INSERT INTO caserelated(id, crestcasenumber, enddate, leaddefendant, mostseriousoffence, offenceclass, releasedecisionstatus, ticketingrequirement, trialestimate, estimationunit, numberOfDefendant, courtcenterid, dateofsending) VALUES (9044, 'CCS-764-9', '12-12-2015', 'Def1', 'most-serious', 'CLASS2', 'AR', 'NON', 1, 'HOURS', 0, 2004, (current_date - INTERVAL '160 days'));
INSERT INTO caserelated(id, crestcasenumber, enddate, leaddefendant, mostseriousoffence, offenceclass, releasedecisionstatus, ticketingrequirement, trialestimate, estimationunit, numberOfDefendant, courtcenterid, dateofsending) VALUES (9045, 'CCS-764-10', '12-12-2015', 'Def1', 'most-serious', 'CLASS2', 'AR', 'NON', 1, 'HOURS', 0, 2004, (current_date - INTERVAL '160 days'));
INSERT INTO caserelated(id, crestcasenumber, enddate, leaddefendant, mostseriousoffence, offenceclass, releasedecisionstatus, ticketingrequirement, trialestimate, estimationunit, numberOfDefendant, courtcenterid, dateofsending) VALUES (9046, 'CCS-764-11', '12-12-2015', 'Def1', 'most-serious', 'CLASS2', 'AR', 'NON', 1, 'HOURS', 0, 2004, (current_date - INTERVAL '160 days'));
INSERT INTO caserelated(id, crestcasenumber, enddate, leaddefendant, mostseriousoffence, offenceclass, releasedecisionstatus, ticketingrequirement, trialestimate, estimationunit, numberOfDefendant, courtcenterid, dateofsending) VALUES (9047, 'CCS-764-12', '12-12-2015', 'Def1', 'most-serious', 'CLASS2', 'AR', 'NON', 1, 'HOURS', 0, 2004, (current_date - INTERVAL '160 days'));
INSERT INTO caserelated(id, crestcasenumber, enddate, leaddefendant, mostseriousoffence, offenceclass, releasedecisionstatus, ticketingrequirement, trialestimate, estimationunit, numberOfDefendant, courtcenterid, dateofsending) VALUES (9048, 'CCS-764-13', '12-12-2015', 'Def1', 'most-serious', 'CLASS2', 'AR', 'NON', 1, 'HOURS', 0, 2004, (current_date - INTERVAL '160 days'));
INSERT INTO caserelated(id, crestcasenumber, enddate, leaddefendant, mostseriousoffence, offenceclass, releasedecisionstatus, ticketingrequirement, trialestimate, estimationunit, numberOfDefendant, courtcenterid, dateofsending) VALUES (9049, 'CCS-764-14', '12-12-2015', 'Def1', 'most-serious', 'CLASS2', 'AR', 'NON', 1, 'HOURS', 0, 2004, (current_date - INTERVAL '160 days'));
INSERT INTO caserelated(id, crestcasenumber, enddate, leaddefendant, mostseriousoffence, offenceclass, releasedecisionstatus, ticketingrequirement, trialestimate, estimationunit, numberOfDefendant, courtcenterid, dateofsending) VALUES (9050, 'CCS-764-15', '12-12-2015', 'Def1', 'most-serious', 'CLASS2', 'AR', 'NON', 1, 'HOURS', 0, 2004, (current_date - INTERVAL '160 days'));
INSERT INTO caserelated(id, crestcasenumber, enddate, leaddefendant, mostseriousoffence, offenceclass, releasedecisionstatus, ticketingrequirement, trialestimate, estimationunit, numberOfDefendant, courtcenterid, dateofsending) VALUES (9051, 'CCS-764-16', '12-12-2015', 'Def1', 'most-serious', 'CLASS2', 'AR', 'NON', 1, 'HOURS', 0, 2004, (current_date - INTERVAL '160 days'));
INSERT INTO caserelated(id, crestcasenumber, enddate, leaddefendant, mostseriousoffence, offenceclass, releasedecisionstatus, ticketingrequirement, trialestimate, estimationunit, numberOfDefendant, courtcenterid, dateofsending) VALUES (9052, 'CCS-764-17', '12-12-2015', 'Def1', 'most-serious', 'CLASS2', 'AR', 'NON', 1, 'HOURS', 0, 2004, (current_date - INTERVAL '160 days'));
INSERT INTO caserelated(id, crestcasenumber, enddate, leaddefendant, mostseriousoffence, offenceclass, releasedecisionstatus, ticketingrequirement, trialestimate, estimationunit, numberOfDefendant, courtcenterid, dateofsending) VALUES (9053, 'CCS-764-18', '12-12-2015', 'Def1', 'most-serious', 'CLASS2', 'AR', 'NON', 1, 'HOURS', 0, 2004, (current_date - INTERVAL '160 days'));
INSERT INTO caserelated(id, crestcasenumber, enddate, leaddefendant, mostseriousoffence, offenceclass, releasedecisionstatus, ticketingrequirement, trialestimate, estimationunit, numberOfDefendant, courtcenterid, dateofsending) VALUES (9054, 'CCS-764-19', '12-12-2015', 'Def1', 'most-serious', 'CLASS2', 'AR', 'NON', 1, 'HOURS', 0, 2004, (current_date - INTERVAL '160 days'));
INSERT INTO caserelated(id, crestcasenumber, enddate, leaddefendant, mostseriousoffence, offenceclass, releasedecisionstatus, ticketingrequirement, trialestimate, estimationunit, numberOfDefendant, courtcenterid, dateofsending) VALUES (9055, 'CCS-764-20', '12-12-2015', 'Def1', 'most-serious', 'CLASS2', 'AR', 'NON', 1, 'HOURS', 0, 2004, (current_date - INTERVAL '160 days'));
INSERT INTO caserelated(id, crestcasenumber, enddate, leaddefendant, mostseriousoffence, offenceclass, releasedecisionstatus, ticketingrequirement, trialestimate, estimationunit, numberOfDefendant, courtcenterid, dateofsending) VALUES (9056, 'CCS-764-21', '12-12-2015', 'Def1', 'most-serious', 'CLASS2', 'AR', 'NON', 1, 'HOURS', 0, 2004, (current_date - INTERVAL '160 days'));
INSERT INTO caserelated(id, crestcasenumber, enddate, leaddefendant, mostseriousoffence, offenceclass, releasedecisionstatus, ticketingrequirement, trialestimate, estimationunit, numberOfDefendant, courtcenterid, dateofsending) VALUES (9057, 'CCS-764-22', '12-12-2015', 'Def1', 'most-serious', 'CLASS2', 'AR', 'NON', 1, 'HOURS', 0, 2004, (current_date - INTERVAL '160 days'));
INSERT INTO caserelated(id, crestcasenumber, enddate, leaddefendant, mostseriousoffence, offenceclass, releasedecisionstatus, ticketingrequirement, trialestimate, estimationunit, numberOfDefendant, courtcenterid, dateofsending) VALUES (9058, 'CCS-764-23', '12-12-2015', 'Def1', 'most-serious', 'CLASS2', 'AR', 'NON', 1, 'HOURS', 0, 2004, (current_date - INTERVAL '160 days'));
INSERT INTO caserelated(id, crestcasenumber, enddate, leaddefendant, mostseriousoffence, offenceclass, releasedecisionstatus, ticketingrequirement, trialestimate, estimationunit, numberOfDefendant, courtcenterid, dateofsending) VALUES (9059, 'CCS-764-24', '12-12-2015', 'Def1', 'most-serious', 'CLASS2', 'AR', 'NON', 1, 'HOURS', 0, 2004, (current_date - INTERVAL '160 days'));
INSERT INTO caserelated(id, crestcasenumber, enddate, leaddefendant, mostseriousoffence, offenceclass, releasedecisionstatus, ticketingrequirement, trialestimate, estimationunit, numberOfDefendant, courtcenterid, dateofsending) VALUES (9060, 'CCS-764-25', '12-12-2015', 'Def1', 'most-serious', 'CLASS2', 'AR', 'NON', 1, 'HOURS', 0, 2004, (current_date - INTERVAL '160 days'));
INSERT INTO caserelated(id, crestcasenumber, enddate, leaddefendant, mostseriousoffence, offenceclass, releasedecisionstatus, ticketingrequirement, trialestimate, estimationunit, numberOfDefendant, courtcenterid, dateofsending) VALUES (9061, 'CCS-764-26', '12-12-2015', 'Def1', 'most-serious', 'CLASS2', 'AR', 'NON', 1, 'HOURS', 0, 2004, (current_date - INTERVAL '160 days'));
INSERT INTO caserelated(id, crestcasenumber, enddate, leaddefendant, mostseriousoffence, offenceclass, releasedecisionstatus, ticketingrequirement, trialestimate, estimationunit, numberOfDefendant, courtcenterid, dateofsending) VALUES (9062, 'CCS-764-27', '12-12-2015', 'Def1', 'most-serious', 'CLASS2', 'AR', 'NON', 1, 'HOURS', 0, 2004, (current_date - INTERVAL '160 days'));
INSERT INTO caserelated(id, crestcasenumber, enddate, leaddefendant, mostseriousoffence, offenceclass, releasedecisionstatus, ticketingrequirement, trialestimate, estimationunit, numberOfDefendant, courtcenterid, dateofsending) VALUES (9063, 'CCS-764-28', '12-12-2015', 'Def1', 'most-serious', 'CLASS2', 'AR', 'NON', 1, 'HOURS', 0, 2004, (current_date - INTERVAL '160 days'));
INSERT INTO caserelated(id, crestcasenumber, enddate, leaddefendant, mostseriousoffence, offenceclass, releasedecisionstatus, ticketingrequirement, trialestimate, estimationunit, numberOfDefendant, courtcenterid, dateofsending) VALUES (9064, 'CCS-764-29', '12-12-2015', 'Def1', 'most-serious', 'CLASS2', 'AR', 'NON', 1, 'HOURS', 0, 2004, (current_date - INTERVAL '160 days'));
INSERT INTO caserelated(id, crestcasenumber, enddate, leaddefendant, mostseriousoffence, offenceclass, releasedecisionstatus, ticketingrequirement, trialestimate, estimationunit, numberOfDefendant, courtcenterid, dateofsending) VALUES (9065, 'CCS-764-30', '12-12-2015', 'Def1', 'most-serious', 'CLASS2', 'AR', 'NON', 1, 'HOURS', 0, 2004, (current_date - INTERVAL '160 days'));
INSERT INTO caserelated(id, crestcasenumber, enddate, leaddefendant, mostseriousoffence, offenceclass, releasedecisionstatus, ticketingrequirement, trialestimate, estimationunit, numberOfDefendant, courtcenterid, dateofsending) VALUES (9066, 'CCS-764-31', '12-12-2015', 'Def1', 'most-serious', 'CLASS2', 'AR', 'NON', 1, 'HOURS', 0, 2004, (current_date - INTERVAL '160 days'));
INSERT INTO caserelated(id, crestcasenumber, enddate, leaddefendant, mostseriousoffence, offenceclass, releasedecisionstatus, ticketingrequirement, trialestimate, estimationunit, numberOfDefendant, courtcenterid, dateofsending) VALUES (9067, 'CCS-764-32', '12-12-2015', 'Def1', 'most-serious', 'CLASS2', 'AR', 'NON', 1, 'HOURS', 0, 2004, (current_date - INTERVAL '160 days'));
INSERT INTO caserelated(id, crestcasenumber, enddate, leaddefendant, mostseriousoffence, offenceclass, releasedecisionstatus, ticketingrequirement, trialestimate, estimationunit, numberOfDefendant, courtcenterid, dateofsending) VALUES (9068, 'CCS-764-33', '12-12-2015', 'Def1', 'most-serious', 'CLASS2', 'AR', 'NON', 1, 'HOURS', 0, 2004, (current_date - INTERVAL '160 days'));
INSERT INTO caserelated(id, crestcasenumber, enddate, leaddefendant, mostseriousoffence, offenceclass, releasedecisionstatus, ticketingrequirement, trialestimate, estimationunit, numberOfDefendant, courtcenterid, dateofsending) VALUES (9069, 'CCS-764-34', '12-12-2015', 'Def1', 'most-serious', 'CLASS2', 'AR', 'NON', 1, 'HOURS', 0, 2004, (current_date - INTERVAL '160 days'));
INSERT INTO caserelated(id, crestcasenumber, enddate, leaddefendant, mostseriousoffence, offenceclass, releasedecisionstatus, ticketingrequirement, trialestimate, estimationunit, numberOfDefendant, courtcenterid, dateofsending) VALUES (9070, 'CCS-764-35', '12-12-2015', 'Def1', 'most-serious', 'CLASS2', 'AR', 'NON', 1, 'HOURS', 0, 2004, (current_date - INTERVAL '160 days'));
INSERT INTO caserelated(id, crestcasenumber, enddate, leaddefendant, mostseriousoffence, offenceclass, releasedecisionstatus, ticketingrequirement, trialestimate, estimationunit, numberOfDefendant, courtcenterid, dateofsending) VALUES (9071, 'CCS-764-36', '12-12-2015', 'Def1', 'most-serious', 'CLASS2', 'AR', 'NON', 1, 'HOURS', 0, 2004, (current_date - INTERVAL '160 days'));
INSERT INTO caserelated(id, crestcasenumber, enddate, leaddefendant, mostseriousoffence, offenceclass, releasedecisionstatus, ticketingrequirement, trialestimate, estimationunit, numberOfDefendant, courtcenterid, dateofsending) VALUES (9072, 'CCS-764-37', '12-12-2015', 'Def1', 'most-serious', 'CLASS2', 'AR', 'NON', 1, 'HOURS', 0, 2004, (current_date - INTERVAL '160 days'));

-- Cases for FindSlotMatchAllocatedJudge
INSERT INTO caserelated(id, crestcasenumber, enddate, leaddefendant, mostseriousoffence, offenceclass, releasedecisionstatus, ticketingrequirement, trialestimate, estimationunit, numberOfDefendant, courtcenterid, dateofsending, judicialofficerid) VALUES (9073, 'CCS-761-A', '12-12-2015', 'Def1', 'most-serious', 'CLASS2', 'AR', 'NON', 2, 'DAYS', 0, 2005, (current_date - INTERVAL '160 days'), 9002);
INSERT INTO caserelated(id, crestcasenumber, enddate, leaddefendant, mostseriousoffence, offenceclass, releasedecisionstatus, ticketingrequirement, trialestimate, estimationunit, numberOfDefendant, courtcenterid, dateofsending, judicialofficerid) VALUES (9074, 'CCS-761-B', '12-12-2015', 'Def1', 'most-serious', 'CLASS2', 'AR', 'NON', 2, 'DAYS', 0, 2005, (current_date - INTERVAL '160 days'), 9003);
INSERT INTO caserelated(id, crestcasenumber, enddate, leaddefendant, mostseriousoffence, offenceclass, releasedecisionstatus, ticketingrequirement, trialestimate, estimationunit, numberOfDefendant, courtcenterid, dateofsending, judicialofficerid) VALUES (9075, 'CCS-761-C', '12-12-2015', 'Def1', 'most-serious', 'CLASS2', 'AR', 'NON', 2, 'DAYS', 0, 2005, (current_date - INTERVAL '160 days'), 9004);
INSERT INTO caserelated(id, crestcasenumber, enddate, leaddefendant, mostseriousoffence, offenceclass, releasedecisionstatus, ticketingrequirement, trialestimate, estimationunit, numberOfDefendant, courtcenterid, dateofsending) VALUES (9076, 'CCS-761-D', '12-12-2015', 'Def1', 'most-serious', 'CLASS2', 'AR', 'NON', 2, 'DAYS', 0, 2005, (current_date - INTERVAL '160 days'));
INSERT INTO caserelated(id, crestcasenumber, enddate, leaddefendant, mostseriousoffence, offenceclass, releasedecisionstatus, ticketingrequirement, trialestimate, estimationunit, numberOfDefendant, courtcenterid, dateofsending, judicialofficerid) VALUES (9077, 'CCS-761-F', '12-12-2015', 'Def1', 'most-serious', 'CLASS2', 'AR', 'NON', 2, 'DAYS', 0, 2005, (current_date - INTERVAL '160 days'), 9005);

-- Cases for CreateCase.Feature
INSERT INTO caserelated(id, crestcasenumber, enddate, leaddefendant, mostseriousoffence, offenceclass, releasedecisionstatus, ticketingrequirement, trialestimate, estimationunit, numberOfDefendant, courtcenterid, dateofsending, dateofcommittal) VALUES (9078, 'T12345606', '12-12-2015', 'Def1', 'most-serious', 'CLASS2', 'AR', 'NON', 1, 'HOURS', 0, 1000, (current_date), (current_date));
INSERT INTO caserelated(id, crestcasenumber, enddate, leaddefendant, mostseriousoffence, offenceclass, releasedecisionstatus, ticketingrequirement, trialestimate, estimationunit, numberOfDefendant, courtcenterid, dateofsending, dateofcommittal) VALUES (9079, 'T12345607', '12-12-2015', 'Def1', 'most-serious', 'CLASS2', 'AR', 'NON', 1, 'HOURS', 0, 1000, (current_date), (current_date));
INSERT INTO caserelated(id, crestcasenumber, enddate, leaddefendant, mostseriousoffence, offenceclass, releasedecisionstatus, ticketingrequirement, trialestimate, estimationunit, numberOfDefendant, courtcenterid, dateofsending, dateofcommittal) VALUES (9080, 'T12345609', '12-12-2015', 'Def1', 'most-serious', 'CLASS2', 'AR', 'NON', 1, 'HOURS', 0, 1000, (current_date), (current_date));
INSERT INTO caserelated(id, crestcasenumber, enddate, leaddefendant, mostseriousoffence, offenceclass, releasedecisionstatus, ticketingrequirement, trialestimate, estimationunit, numberOfDefendant, courtcenterid, dateofsending, dateofcommittal) VALUES (9081, 'T12345610', '12-12-2015', 'Def1', 'most-serious', 'CLASS2', 'AR', 'NON', 1, 'HOURS', 0, 1000, (current_date), (current_date));
INSERT INTO caserelated(id, crestcasenumber, enddate, leaddefendant, mostseriousoffence, offenceclass, releasedecisionstatus, ticketingrequirement, trialestimate, estimationunit, numberOfDefendant, courtcenterid, dateofsending, dateofcommittal) VALUES (9082, 'T12345611', '12-12-2015', 'Def1', 'most-serious', 'CLASS2', 'AR', 'NON', 1, 'HOURS', 0, 1000, (current_date), (current_date));
INSERT INTO caserelated(id, crestcasenumber, enddate, leaddefendant, mostseriousoffence, offenceclass, releasedecisionstatus, ticketingrequirement, trialestimate, estimationunit, numberOfDefendant, courtcenterid, dateofsending, dateofcommittal) VALUES (9083, 'T12345613', '12-12-2015', 'Def1', 'most-serious', 'CLASS2', 'AR', 'NON', 1, 'HOURS', 0, 1000, (current_date), (current_date));
INSERT INTO caserelated(id, crestcasenumber, enddate, leaddefendant, mostseriousoffence, offenceclass, releasedecisionstatus, ticketingrequirement, trialestimate, estimationunit, numberOfDefendant, courtcenterid, dateofsending, dateofcommittal) VALUES (9084, 'T12345614', '12-12-2015', 'Def1', 'most-serious', 'CLASS2', 'AR', 'NON', 1, 'HOURS', 0, 1000, (current_date), (current_date));
INSERT INTO caserelated(id, crestcasenumber, enddate, leaddefendant, mostseriousoffence, offenceclass, releasedecisionstatus, ticketingrequirement, trialestimate, estimationunit, numberOfDefendant, courtcenterid, dateofsending, dateofcommittal) VALUES (9085, 'T12345615', '12-12-2015', 'Def1', 'most-serious', 'CLASS2', 'AR', 'NON', 1, 'HOURS', 301, 1000, (current_date), (current_date));
INSERT INTO caserelated(id, crestcasenumber, enddate, leaddefendant, mostseriousoffence, offenceclass, releasedecisionstatus, ticketingrequirement, trialestimate, estimationunit, numberOfDefendant, courtcenterid, dateofsending, dateofcommittal) VALUES (9086, 'T12345616', '12-12-2015', 'Def1', 'most-serious', 'CLASS2', 'AR', 'NON', 1, 'HOURS', 301, 1000, (current_date), (current_date));
INSERT INTO caserelated(id, crestcasenumber, enddate, leaddefendant, mostseriousoffence, offenceclass, releasedecisionstatus, ticketingrequirement, trialestimate, estimationunit, numberOfDefendant, courtcenterid, dateofsending, dateofcommittal) VALUES (9087, 'T12345617', '12-12-2015', 'Def1', 'most-serious', 'CLASS2', 'AR', 'NON', 1, 'HOURS', 301, 1000, (current_date), (current_date));
INSERT INTO caserelated(id, crestcasenumber, enddate, leaddefendant, mostseriousoffence, offenceclass, releasedecisionstatus, ticketingrequirement, trialestimate, estimationunit, numberOfDefendant, courtcenterid, dateofsending, dateofcommittal) VALUES (9088, 'T12345618', '12-12-2015', 'Def1', 'most-serious', 'CLASS2', 'AR', 'NON', 1, 'HOURS', 301, 1000, (current_date), (current_date));
INSERT INTO caserelated(id, crestcasenumber, enddate, leaddefendant, mostseriousoffence, offenceclass, releasedecisionstatus, ticketingrequirement, trialestimate, estimationunit, numberOfDefendant, courtcenterid, dateofsending, dateofcommittal) VALUES (9089, 'T12345619', '12-12-2015', 'Def1', 'most-serious', 'CLASS2', 'AR', 'NON', 1, 'HOURS', 301, 1000, (current_date), (current_date));
INSERT INTO caserelated(id, crestcasenumber, enddate, leaddefendant, mostseriousoffence, offenceclass, releasedecisionstatus, ticketingrequirement, trialestimate, estimationunit, numberOfDefendant, courtcenterid, dateofsending, dateofcommittal) VALUES (9090, 'T12345621', '12-12-2015', 'Def1', 'most-serious', 'CLASS2', 'AR', 'NON', 1, 'HOURS', 301, 1000, (current_date), (current_date));
INSERT INTO caserelated(id, crestcasenumber, enddate, leaddefendant, mostseriousoffence, offenceclass, releasedecisionstatus, ticketingrequirement, trialestimate, estimationunit, numberOfDefendant, courtcenterid, dateofsending, dateofcommittal) VALUES (9091, 'T12345622', '12-12-2015', 'Def1', 'most-serious', 'CLASS2', 'AR', 'NON', 1, 'HOURS', 301, 1000, (current_date), (current_date));
INSERT INTO caserelated(id, crestcasenumber, enddate, leaddefendant, mostseriousoffence, offenceclass, releasedecisionstatus, ticketingrequirement, trialestimate, estimationunit, numberOfDefendant, courtcenterid, dateofsending, dateofcommittal) VALUES (9092, 'T12345623', '12-12-2015', 'Def1', 'most-serious', 'CLASS2', 'AR', 'NON', 1, 'HOURS', 301, 1000, (current_date), (current_date));
INSERT INTO caserelated(id, crestcasenumber, enddate, leaddefendant, mostseriousoffence, offenceclass, releasedecisionstatus, ticketingrequirement, trialestimate, estimationunit, numberOfDefendant, courtcenterid, dateofsending, dateofcommittal) VALUES (9093, 'T12345624', '12-12-2015', 'Def1', 'most-serious', 'CLASS2', 'AR', 'NON', 1, 'HOURS', 301, 1000, (current_date), (current_date));
INSERT INTO caserelated(id, crestcasenumber, enddate, leaddefendant, mostseriousoffence, offenceclass, releasedecisionstatus, ticketingrequirement, trialestimate, estimationunit, numberOfDefendant, courtcenterid, dateofsending, dateofcommittal) VALUES (9094, 'T12345625', '12-12-2015', 'Def1', 'most-serious', 'CLASS2', 'AR', 'NON', 1, 'HOURS', 301, 1000, (current_date), (current_date));
INSERT INTO caserelated(id, crestcasenumber, enddate, leaddefendant, mostseriousoffence, offenceclass, releasedecisionstatus, ticketingrequirement, trialestimate, estimationunit, numberOfDefendant, courtcenterid, dateofsending, dateofcommittal) VALUES (9095, 'T12345626', '12-12-2015', 'Def1', 'most-serious', 'CLASS2', 'AR', 'NON', 1, 'HOURS', 301, 1000, (current_date), (current_date));
INSERT INTO caserelated(id, crestcasenumber, enddate, leaddefendant, mostseriousoffence, offenceclass, releasedecisionstatus, ticketingrequirement, trialestimate, estimationunit, numberOfDefendant, courtcenterid, dateofsending, dateofcommittal) VALUES (9096, 'T12345627', '12-12-2015', 'Def1', 'most-serious', 'CLASS2', 'AR', 'NON', 1, 'HOURS', 301, 1000, (current_date), (current_date));

-- Create Notes for Cases
INSERT INTO casenote(id, creationdate, diarydate, note, caseid)  VALUES (5000, '2015-10-10 00:00:00', '2015-10-10 00:00:00', 'Online intermediaries in various forms – including search engines, social media, or app platforms – play a constitutive role in today’s digital environment. They have become a new type of powerful institution in the 21st century that shape the public networked sphere, and are subject to intense and often controversial policy debates. This paper focuses on one particular force shaping the emergence and future evolution of online intermediaries: the rapidly changing landscape of intermediary governance at the intersection of law, technology, norms, and markets. Building upon eight in-depth case studies and use cases, respectively, this paper seeks to distill key observations and provide a high-level analysis of some of the structural elements that characterize varying governance regimes, with a focus on intermediary liability regimes and their evolution.', 4000);
INSERT INTO casenote(id, creationdate, diarydate, note, caseid)  VALUES (5001, '2015-10-9 00:00:00', null, 'Simple text: This is a test note, to check if they are showed on the case page', 4000);
INSERT INTO casenote(id, creationdate, diarydate, note, caseid)  VALUES (5002, '2015-10-9 00:00:00', null, 'This is sample note to check that notes can be added.', 9085);
INSERT INTO casenote(id, creationdate, diarydate, note, caseid)  VALUES (5003, '2015-10-9 00:00:00', null, 'This is sample note to check that notes can be added.', 9086);

-- Hearing Creation
INSERT INTO hearing(id, hearingtype, daysestimated, bookingstatus, startdate, caseid, name, active) VALUES (6000, 'PCM', 10, 'NOTBOOKED', '2015-10-20 00:00:00', 4000, 'PCMH', 'Y');
INSERT INTO hearing(id, hearingtype, daysestimated, bookingstatus, startdate, caseid, name, active) VALUES (7000, 'TRIAL', 10, 'NOTBOOKED', '2015-03-20 00:00:00', 4000, 'Trial', 'Y');
INSERT INTO hearing(id, hearingtype, daysestimated, bookingstatus, startdate, caseid, name, bookingtype, active) VALUES (7001, 'TRIAL', 10, 'BOOKED', '2015-03-21 00:00:00', 4000, 'Booked Trial', 'CONFIRMED', 'Y');
INSERT INTO hearing(id, hearingtype, daysestimated, bookingstatus, startdate, caseid, name, active) VALUES (8000, 'TRIAL', 10, 'NOTBOOKED', '2015-03-20 00:00:00', 9000, 'Hearing_1', 'Y');
INSERT INTO hearing(id, hearingtype, daysestimated, bookingstatus, startdate, caseid, name, active) VALUES (8001, 'TRIAL', 10, 'NOTBOOKED', '2015-03-20 00:00:00', 9000, 'Hearing_2', 'Y');
INSERT INTO hearing(id, hearingtype, daysestimated, bookingstatus, startdate, caseid, name, active) VALUES (8002, 'TRIAL', 10, 'NOTBOOKED', '2015-03-20 00:00:00', 9000, 'Hearing_3', 'Y');
INSERT INTO hearing(id, hearingtype, daysestimated, bookingstatus, startdate, caseid, name, active) VALUES (9000, 'TRIAL', 10, 'NOTBOOKED' ,'2015-03-20 00:00:00', 8000, 'UniqueHearing', 'Y');
INSERT INTO hearing(id, hearingtype, daysestimated, bookingstatus, startdate, caseid, name, active) VALUES (9001, 'TRIAL', 1, 'NOTBOOKED' ,'2015-03-20 00:00:00', 8000, 'FirstHearing', 'Y');
INSERT INTO hearing(id, hearingtype, daysestimated, bookingstatus, startdate, caseid, name, active) VALUES (9002, 'TRIAL', 1, 'NOTBOOKED' ,'2015-03-20 00:00:00', 8000, 'SecondHearing', 'Y');
INSERT INTO hearing(id, hearingtype, daysestimated, bookingstatus, startdate, caseid, name, active) VALUES (7003, 'TRIAL', 4, 'NOTBOOKED', '2015-03-21 00:00:00', 6000, 'Slot-A-4Days-RoomA', 'Y');
INSERT INTO hearing(id, hearingtype, daysestimated, bookingstatus, startdate, caseid, name, active) VALUES (7004, 'TRIAL', 4, 'NOTBOOKED', '2015-03-21 00:00:00', 6000, 'Slot-B-4Days-RoomB', 'Y');
INSERT INTO hearing(id, hearingtype, daysestimated, bookingstatus, startdate, caseid, name, active) VALUES (7005, 'TRIAL', 8, 'NOTBOOKED', '2015-03-21 00:00:00', 6000, '8D-Hearing1-RoomA', 'Y');
INSERT INTO hearing(id, hearingtype, daysestimated, bookingstatus, startdate, caseid, name, active) VALUES (7006, 'TRIAL', 8, 'NOTBOOKED', '2015-03-21 00:00:00', 6000, '8D-Hearing2-RoomA', 'Y');
INSERT INTO hearing(id, hearingtype, daysestimated, bookingstatus, startdate, caseid, name, active) VALUES (7007, 'TRIAL', 8, 'NOTBOOKED', '2015-03-21 00:00:00', 6000, '8D-Hearing1-RoomB', 'Y');
INSERT INTO hearing(id, hearingtype, daysestimated, bookingstatus, startdate, caseid, name, active) VALUES (7008, 'TRIAL', 8, 'NOTBOOKED', '2015-03-21 00:00:00', 6000, '8D-Hearing2-RoomB', 'Y');
INSERT INTO hearing(id, hearingtype, daysestimated, bookingstatus, startdate, caseid, name, active) VALUES (7009, 'TRIAL', 0, 'NOTBOOKED', '2015-03-21 00:00:00', 6000, 'Trial-Estimate-0D', 'Y');
INSERT INTO hearing(id, hearingtype, daysestimated, bookingstatus, startdate, caseid, name, active) VALUES (7010, 'TRIAL', 1, 'NOTBOOKED', '2015-03-21 00:00:00', 6000, 'Trial-Estimate-1D', 'Y');
INSERT INTO hearing(id, hearingtype, daysestimated, bookingstatus, startdate, caseid, name, active) VALUES (7011, 'TRIAL', 2, 'NOTBOOKED', '2015-03-21 00:00:00', 6000, 'Trial-Estimate-2D', 'Y');
INSERT INTO hearing(id, hearingtype, daysestimated, bookingstatus, startdate, caseid, name, active) VALUES (7012, 'TRIAL', 4, 'NOTBOOKED', '2015-03-21 00:00:00', 6000, 'Trial-Estimate-4D', 'Y');
INSERT INTO hearing(id, hearingtype, daysestimated, bookingstatus, startdate, caseid, name, active) VALUES (7013, 'TRIAL', 5, 'NOTBOOKED', '2015-03-21 00:00:00', 6000, 'Trial-Estimate-5D', 'Y');
INSERT INTO hearing(id, hearingtype, daysestimated, bookingstatus, startdate, caseid, name, active) VALUES (7020, 'TRIAL', 10, 'NOTBOOKED', '2015-03-21 00:00:00', 6000, 'Trial-Estimate-10D', 'Y');
INSERT INTO hearing(id, hearingtype, daysestimated, bookingstatus, startdate, caseid, name, active) VALUES (7021, 'TRIAL', 11, 'NOTBOOKED', '2015-03-21 00:00:00', 6000, 'Trial-Estimate-11D', 'Y');
INSERT INTO hearing(id, hearingtype, daysestimated, bookingstatus, startdate, caseid, name, active) VALUES (7022, 'TRIAL', 45, 'NOTBOOKED', '2015-03-21 00:00:00', 6000, 'Trial-Estimate-45D', 'Y');
INSERT INTO hearing(id, hearingtype, daysestimated, bookingstatus, startdate, caseid, name, active) VALUES (7050, 'TRIAL', 1, 'NOTBOOKED', '2015-03-21 00:00:00', 7000, 'DH1', 'Y');
INSERT INTO hearing(id, hearingtype, daysestimated, bookingstatus, startdate, caseid, name, active) VALUES (7051, 'TRIAL', 1, 'NOTBOOKED', '2015-03-21 00:00:00', 7000, 'DH2', 'Y');
INSERT INTO hearing(id, hearingtype, daysestimated, bookingstatus, startdate, caseid, name, active) VALUES (7052, 'TRIAL', 1, 'NOTBOOKED', '2015-03-21 00:00:00', 7000, 'DH3', 'Y');
INSERT INTO hearing(id, hearingtype, daysestimated, bookingstatus, startdate, caseid, name, active) VALUES (7053, 'TRIAL', 1, 'NOTBOOKED', '2015-03-21 00:00:00', 7000, 'DH4', 'Y');
INSERT INTO hearing(id, hearingtype, daysestimated, bookingstatus, startdate, caseid, name, active) VALUES (7060, 'TRIAL', 6, 'NOTBOOKED', '2015-03-21 00:00:00', 9001, 'Hearing496', 'Y');
INSERT INTO hearing(id, hearingtype, daysestimated, bookingstatus, startdate, caseid, name, active) VALUES (7065, 'TRIAL', 5, 'NOTBOOKED', '2015-03-21 00:00:00', 9002, 'Hearing377-1', 'Y');
INSERT INTO hearing(id, hearingtype, daysestimated, bookingstatus, startdate, caseid, name, active) VALUES (7070, 'TRIAL', 1, 'NOTBOOKED', '2015-03-21 00:00:00', 9005, 'Hearing684-1', 'Y');
INSERT INTO hearing(id, hearingtype, daysestimated, bookingstatus, startdate, caseid, name, active) VALUES (7071, 'TRIAL', 1, 'NOTBOOKED', '2015-03-21 00:00:00', 9005, 'Hearing684-2', 'Y');
INSERT INTO hearing(id, hearingtype, daysestimated, bookingstatus, startdate, caseid, name, active) VALUES (7072, 'TRIAL', 5, 'NOTBOOKED', '2015-03-21 00:00:00', 6000, 'Room736-Estimate-5D', 'Y');
INSERT INTO hearing(id, hearingtype, daysestimated, bookingstatus, startdate, caseid, name, active) VALUES (7073, 'TRIAL', 2, 'NOTBOOKED', '2015-03-21 00:00:00', 6000, 'Room736-Estimate-2D', 'Y');
INSERT INTO hearing(id, hearingtype, daysestimated, bookingstatus, startdate, caseid, name, active, hearingstatus) VALUES (7080, 'PCM', 10, 'NOTBOOKED', (current_date - INTERVAL '1 days'), 9007, 'PCMHearingA1', 'Y', 'PENDING');
INSERT INTO hearing(id, hearingtype, daysestimated, bookingstatus, startdate, caseid, name, active, hearingstatus) VALUES (7081, 'PCM', 10, 'NOTBOOKED', (current_date - INTERVAL '1 days'), 9008, 'PCMHearingA2', 'Y', 'PENDING');
INSERT INTO hearing(id, hearingtype, daysestimated, bookingstatus, startdate, caseid, name, active, hearingstatus) VALUES (7082, 'PCM', 10, 'NOTBOOKED', (current_date - INTERVAL '1 days'), 9009, 'PCMHearingA3', 'Y', 'PREPARED');
INSERT INTO hearing(id, hearingtype, daysestimated, bookingstatus, startdate, caseid, name, active, hearingstatus) VALUES (7083, 'PCM', 10, 'NOTBOOKED', current_date, 9010, 'PCMHearingB1', 'Y', 'PENDING');
INSERT INTO hearing(id, hearingtype, daysestimated, bookingstatus, startdate, caseid, name, active, hearingstatus) VALUES (7084, 'PCM', 10, 'NOTBOOKED', current_date, 9011, 'PCMHearingB2', 'Y', 'PENDING');
INSERT INTO hearing(id, hearingtype, daysestimated, bookingstatus, startdate, caseid, name, active, hearingstatus) VALUES (7085, 'PCM', 10, 'NOTBOOKED', current_date, 9012, 'PCMHearingB3', 'Y', 'PREPARED');
INSERT INTO hearing(id, hearingtype, daysestimated, bookingstatus, startdate, caseid, name, active, hearingstatus) VALUES (7086, 'PCM', 10, 'NOTBOOKED', (current_date + INTERVAL '1 days'), 9013, 'PCMHearingC1', 'Y', 'PENDING');
INSERT INTO hearing(id, hearingtype, daysestimated, bookingstatus, startdate, caseid, name, active, hearingstatus) VALUES (7087, 'PCM', 10, 'NOTBOOKED', (current_date + INTERVAL '1 days'), 9014, 'PCMHearingC2', 'Y', 'PENDING');
INSERT INTO hearing(id, hearingtype, daysestimated, bookingstatus, startdate, caseid, name, active) VALUES (7074, 'TRIAL', 1, 'NOTBOOKED', '2015-03-21 00:00:00', 6000, 'Hearing379-1', 'Y');
INSERT INTO hearing(id, hearingtype, daysestimated, bookingstatus, startdate, caseid, name, active) VALUES (7075, 'TRIAL', 1, 'NOTBOOKED', '2015-03-21 00:00:00', 9015, 'Hearing581-1', 'Y');
INSERT INTO hearing(id, hearingtype, daysestimated, bookingstatus, startdate, caseid, name, active) VALUES (7076, 'TRIAL', 1, 'NOTBOOKED', '2015-03-21 00:00:00', 9016, 'Hearing581-2', 'Y');
INSERT INTO hearing(id, hearingtype, daysestimated, bookingstatus, startdate, caseid, name, active) VALUES (7077, 'TRIAL', 1, 'NOTBOOKED', '2015-03-21 00:00:00', 9017, 'Hearing581-3', 'Y');
INSERT INTO hearing(id, hearingtype, daysestimated, bookingstatus, startdate, caseid, name, active) VALUES (7078, 'TRIAL', 1, 'NOTBOOKED', '2015-03-21 00:00:00', 9015, 'Hearing581-4', 'Y');
INSERT INTO hearing(id, hearingtype, daysestimated, bookingstatus, startdate, caseid, name, active) VALUES (7079, 'TRIAL', 1, 'NOTBOOKED', '2015-03-21 00:00:00', 9016, 'Hearing581-5', 'Y');
INSERT INTO hearing(id, hearingtype, daysestimated, bookingstatus, startdate, caseid, name, active) VALUES (7088, 'TRIAL', 1, 'NOTBOOKED', '2015-03-21 00:00:00', 9017, 'Hearing581-6', 'Y');
INSERT INTO hearing(id, hearingtype, daysestimated, bookingstatus, startdate, caseid, name, active) VALUES (7089, 'TRIAL', 1, 'NOTBOOKED', '2015-03-21 00:00:00', 9017, 'Hearing138-1', 'Y');
INSERT INTO hearing(id, hearingtype, daysestimated, bookingstatus, startdate, caseid, name, active) VALUES (7190, 'TRIAL', 8, 'NOTBOOKED', '2015-03-21 00:00:00', 9017, 'Hearing780', 'Y');

-- Create Hearings for Find Slot Default Time Window
INSERT INTO hearing(id, hearingtype, daysestimated, bookingstatus, caseid, name, active) VALUES (6001, 'TRIAL', 1, 'NOTBOOKED', 9018, 'CCS-739-1', 'Y');
INSERT INTO hearing(id, hearingtype, daysestimated, bookingstatus, caseid, name, active) VALUES (7090, 'TRIAL', 1, 'NOTBOOKED', 9019, 'CCS-739-2', 'Y');
INSERT INTO hearing(id, hearingtype, daysestimated, bookingstatus, caseid, name, active) VALUES (7091, 'TRIAL', 1, 'NOTBOOKED', 9020, 'CCS-739-3', 'Y');
INSERT INTO hearing(id, hearingtype, daysestimated, bookingstatus, caseid, name, active) VALUES (7092, 'TRIAL', 1, 'NOTBOOKED', 9021, 'CCS-739-4', 'Y');
INSERT INTO hearing(id, hearingtype, daysestimated, bookingstatus, caseid, name, active) VALUES (7093, 'TRIAL', 1, 'NOTBOOKED', 9022, 'CCS-739-5', 'Y');
INSERT INTO hearing(id, hearingtype, daysestimated, bookingstatus, caseid, name, active) VALUES (7094, 'TRIAL', 1, 'NOTBOOKED', 9023, 'CCS-739-6', 'Y');
INSERT INTO hearing(id, hearingtype, daysestimated, bookingstatus, caseid, name, active) VALUES (7095, 'TRIAL', 1, 'NOTBOOKED', 9024, 'CCS-739-7', 'Y');
INSERT INTO hearing(id, hearingtype, daysestimated, bookingstatus, caseid, name, active) VALUES (7096, 'TRIAL', 1, 'NOTBOOKED', 9025, 'CCS-739-8', 'Y');
INSERT INTO hearing(id, hearingtype, daysestimated, bookingstatus, caseid, name, active) VALUES (7097, 'TRIAL', 1, 'NOTBOOKED', 9026, 'CCS-739-9', 'Y');
INSERT INTO hearing(id, hearingtype, daysestimated, bookingstatus, caseid, name, active) VALUES (7098, 'TRIAL', 1, 'NOTBOOKED', 9027, 'CCS-739-10', 'Y');
INSERT INTO hearing(id, hearingtype, daysestimated, bookingstatus, caseid, name, active) VALUES (7099, 'TRIAL', 1, 'NOTBOOKED', 9028, 'CCS-739-11', 'Y');
INSERT INTO hearing(id, hearingtype, daysestimated, bookingstatus, caseid, name, active) VALUES (7100, 'TRIAL', 1, 'NOTBOOKED', 9029, 'CCS-739-12', 'Y');
INSERT INTO hearing(id, hearingtype, daysestimated, bookingstatus, caseid, name, active) VALUES (7101, 'TRIAL', 1, 'NOTBOOKED', 9030, 'CCS-739-13', 'Y');
INSERT INTO hearing(id, hearingtype, daysestimated, bookingstatus, caseid, name, active) VALUES (7102, 'TRIAL', 1, 'NOTBOOKED', 9031, 'CCS-739-14', 'Y');
INSERT INTO hearing(id, hearingtype, daysestimated, bookingstatus, caseid, name, active) VALUES (7103, 'TRIAL', 1, 'NOTBOOKED', 9032, 'CCS-739-15', 'Y');
INSERT INTO hearing(id, hearingtype, daysestimated, bookingstatus, startdate, caseid, name, active) VALUES (7104, 'PCM', 1, 'NOTBOOKED', (current_date - INTERVAL '41 days'), 9032, 'PCM-CCS-739-15', 'Y');
INSERT INTO hearing(id, hearingtype, daysestimated, bookingstatus, caseid, name, active) VALUES (7105, 'TRIAL', 1, 'NOTBOOKED', 9033, 'CCS-739-16', 'Y');
INSERT INTO hearing(id, hearingtype, daysestimated, bookingstatus, startdate, caseid, name, active) VALUES (7106, 'PCM', 1, 'NOTBOOKED', (current_date + INTERVAL '5 days'), 9033, 'PCM-CCS-739-16', 'Y');
INSERT INTO hearing(id, hearingtype, daysestimated, bookingstatus, caseid, name, active) VALUES (7107, 'TRIAL', 1, 'NOTBOOKED', 9034, 'CCS-739-17', 'Y');
INSERT INTO hearing(id, hearingtype, daysestimated, bookingstatus, startdate, caseid, name, active) VALUES (7108, 'PCM', 1, 'NOTBOOKED', (current_date - INTERVAL '41 days'), 9034, 'PCM-CCS-739-17', 'Y');
INSERT INTO hearing(id, hearingtype, daysestimated, bookingstatus, caseid, name, active) VALUES (7109, 'TRIAL', 1, 'NOTBOOKED', 9035, 'CCS-739-18', 'Y');
INSERT INTO hearing(id, hearingtype, daysestimated, bookingstatus, startdate, caseid, name, active) VALUES (7110, 'PCM', 1, 'NOTBOOKED', (current_date + INTERVAL '8 days'), 9035, 'PCM-CCS-739-17', 'Y');

-- Create Hearings for Find Slot Non Available Dates
INSERT INTO hearing(id, hearingtype, daysestimated, bookingstatus, startdate, caseid, name, active) VALUES (7111, 'PCM', 1, 'NOTBOOKED', (current_date - INTERVAL '41 days'), 9036, 'PCM-CCS-764-1', 'Y');
INSERT INTO hearing(id, hearingtype, daysestimated, bookingstatus, caseid, name, active) VALUES (7112, 'TRIAL', 1, 'NOTBOOKED', 9036, 'CCS-764-1', 'Y');
INSERT INTO hearing(id, hearingtype, daysestimated, bookingstatus, startdate, caseid, name, active) VALUES (7113, 'PCM', 1, 'NOTBOOKED', (current_date - INTERVAL '41 days'), 9037, 'PCM-CCS-764-2', 'Y');
INSERT INTO hearing(id, hearingtype, daysestimated, bookingstatus, caseid, name, active) VALUES (7114, 'TRIAL', 1, 'NOTBOOKED', 9037, 'CCS-764-2', 'Y');
INSERT INTO hearing(id, hearingtype, daysestimated, bookingstatus, startdate, caseid, name, active) VALUES (7115, 'PCM', 1, 'NOTBOOKED', (current_date - INTERVAL '41 days'), 9038, 'PCM-CCS-764-3', 'Y');
INSERT INTO hearing(id, hearingtype, daysestimated, bookingstatus, caseid, name, active) VALUES (7116, 'TRIAL', 1, 'NOTBOOKED', 9038, 'CCS-764-3', 'Y');
INSERT INTO hearing(id, hearingtype, daysestimated, bookingstatus, startdate, caseid, name, active) VALUES (7117, 'PCM', 1, 'NOTBOOKED', (current_date - INTERVAL '41 days'), 9039, 'PCM-CCS-764-4', 'Y');
INSERT INTO hearing(id, hearingtype, daysestimated, bookingstatus, caseid, name, active) VALUES (7118, 'TRIAL', 1, 'NOTBOOKED', 9039, 'CCS-764-4', 'Y');
INSERT INTO hearing(id, hearingtype, daysestimated, bookingstatus, startdate, caseid, name, active) VALUES (7119, 'PCM', 1, 'NOTBOOKED', (current_date - INTERVAL '41 days'), 9040, 'PCM-CCS-764-5', 'Y');
INSERT INTO hearing(id, hearingtype, daysestimated, bookingstatus, caseid, name, active) VALUES (7120, 'TRIAL', 1, 'NOTBOOKED', 9040, 'CCS-764-5', 'Y');
INSERT INTO hearing(id, hearingtype, daysestimated, bookingstatus, startdate, caseid, name, active) VALUES (7121, 'PCM', 1, 'NOTBOOKED', (current_date - INTERVAL '41 days'), 9041, 'PCM-CCS-764-6', 'Y');
INSERT INTO hearing(id, hearingtype, daysestimated, bookingstatus, caseid, name, active) VALUES (7122, 'TRIAL', 1, 'NOTBOOKED', 9041, 'CCS-764-6', 'Y');
INSERT INTO hearing(id, hearingtype, daysestimated, bookingstatus, startdate, caseid, name, active) VALUES (7123, 'PCM', 1, 'NOTBOOKED', (current_date - INTERVAL '41 days'), 9042, 'PCM-CCS-764-7', 'Y');
INSERT INTO hearing(id, hearingtype, daysestimated, bookingstatus, caseid, name, active) VALUES (7124, 'TRIAL', 1, 'NOTBOOKED', 9042, 'CCS-764-7', 'Y');
INSERT INTO hearing(id, hearingtype, daysestimated, bookingstatus, startdate, caseid, name, active) VALUES (7125, 'PCM', 1, 'NOTBOOKED', (current_date - INTERVAL '41 days'), 9043, 'PCM-CCS-764-8', 'Y');
INSERT INTO hearing(id, hearingtype, daysestimated, bookingstatus, caseid, name, active) VALUES (7126, 'TRIAL', 1, 'NOTBOOKED', 9043, 'CCS-764-8', 'Y');
INSERT INTO hearing(id, hearingtype, daysestimated, bookingstatus, startdate, caseid, name, active) VALUES (7127, 'PCM', 1, 'NOTBOOKED', (current_date - INTERVAL '41 days'), 9044, 'PCM-CCS-764-9', 'Y');
INSERT INTO hearing(id, hearingtype, daysestimated, bookingstatus, caseid, name, active) VALUES (7128, 'TRIAL', 1, 'NOTBOOKED', 9044, 'CCS-764-9', 'Y');
INSERT INTO hearing(id, hearingtype, daysestimated, bookingstatus, startdate, caseid, name, active) VALUES (7129, 'PCM', 1, 'NOTBOOKED', (current_date - INTERVAL '41 days'), 9045, 'PCM-CCS-764-10', 'Y');
INSERT INTO hearing(id, hearingtype, daysestimated, bookingstatus, caseid, name, active) VALUES (7130, 'TRIAL', 1, 'NOTBOOKED', 9045, 'CCS-764-10', 'Y');
INSERT INTO hearing(id, hearingtype, daysestimated, bookingstatus, startdate, caseid, name, active) VALUES (7131, 'PCM', 1, 'NOTBOOKED', (current_date - INTERVAL '41 days'), 9046, 'PCM-CCS-764-11', 'Y');
INSERT INTO hearing(id, hearingtype, daysestimated, bookingstatus, caseid, name, active) VALUES (7132, 'TRIAL', 1, 'NOTBOOKED', 9046, 'CCS-764-11', 'Y');
INSERT INTO hearing(id, hearingtype, daysestimated, bookingstatus, startdate, caseid, name, active) VALUES (7133, 'PCM', 1, 'NOTBOOKED', (current_date - INTERVAL '41 days'), 9047, 'PCM-CCS-764-12', 'Y');
INSERT INTO hearing(id, hearingtype, daysestimated, bookingstatus, caseid, name, active) VALUES (7134, 'TRIAL', 1, 'NOTBOOKED', 9047, 'CCS-764-12', 'Y');
INSERT INTO hearing(id, hearingtype, daysestimated, bookingstatus, startdate, caseid, name, active) VALUES (7135, 'PCM', 1, 'NOTBOOKED', (current_date - INTERVAL '41 days'), 9048, 'PCM-CCS-764-13', 'Y');
INSERT INTO hearing(id, hearingtype, daysestimated, bookingstatus, caseid, name, active) VALUES (7136, 'TRIAL', 1, 'NOTBOOKED', 9048, 'CCS-764-13', 'Y');
INSERT INTO hearing(id, hearingtype, daysestimated, bookingstatus, startdate, caseid, name, active) VALUES (7137, 'PCM', 1, 'NOTBOOKED', (current_date - INTERVAL '41 days'), 9049, 'PCM-CCS-764-14', 'Y');
INSERT INTO hearing(id, hearingtype, daysestimated, bookingstatus, caseid, name, active) VALUES (7138, 'TRIAL', 1, 'NOTBOOKED', 9049, 'CCS-764-14', 'Y');
INSERT INTO hearing(id, hearingtype, daysestimated, bookingstatus, startdate, caseid, name, active) VALUES (7139, 'PCM', 1, 'NOTBOOKED', (current_date - INTERVAL '41 days'), 9050, 'PCM-CCS-764-15', 'Y');
INSERT INTO hearing(id, hearingtype, daysestimated, bookingstatus, caseid, name, active) VALUES (7140, 'TRIAL', 1, 'NOTBOOKED', 9050, 'CCS-764-15', 'Y');
INSERT INTO hearing(id, hearingtype, daysestimated, bookingstatus, startdate, caseid, name, active) VALUES (7141, 'PCM', 1, 'NOTBOOKED', (current_date - INTERVAL '41 days'), 9051, 'PCM-CCS-764-16', 'Y');
INSERT INTO hearing(id, hearingtype, daysestimated, bookingstatus, caseid, name, active) VALUES (7142, 'TRIAL', 1, 'NOTBOOKED', 9051, 'CCS-764-16', 'Y');
INSERT INTO hearing(id, hearingtype, daysestimated, bookingstatus, startdate, caseid, name, active) VALUES (7143, 'PCM', 1, 'NOTBOOKED', (current_date - INTERVAL '41 days'), 9052, 'PCM-CCS-764-17', 'Y');
INSERT INTO hearing(id, hearingtype, daysestimated, bookingstatus, caseid, name, active) VALUES (7144, 'TRIAL', 1, 'NOTBOOKED', 9052, 'CCS-764-17', 'Y');
INSERT INTO hearing(id, hearingtype, daysestimated, bookingstatus, startdate, caseid, name, active) VALUES (7145, 'PCM', 1, 'NOTBOOKED', (current_date - INTERVAL '41 days'), 9053, 'PCM-CCS-764-18', 'Y');
INSERT INTO hearing(id, hearingtype, daysestimated, bookingstatus, caseid, name, active) VALUES (7146, 'TRIAL', 1, 'NOTBOOKED', 9053, 'CCS-764-18', 'Y');
INSERT INTO hearing(id, hearingtype, daysestimated, bookingstatus, startdate, caseid, name, active) VALUES (7147, 'PCM', 1, 'NOTBOOKED', (current_date - INTERVAL '41 days'), 9054, 'PCM-CCS-764-19', 'Y');
INSERT INTO hearing(id, hearingtype, daysestimated, bookingstatus, caseid, name, active) VALUES (7148, 'TRIAL', 1, 'NOTBOOKED', 9054, 'CCS-764-19', 'Y');
INSERT INTO hearing(id, hearingtype, daysestimated, bookingstatus, startdate, caseid, name, active) VALUES (7149, 'PCM', 1, 'NOTBOOKED', (current_date - INTERVAL '41 days'), 9055, 'PCM-CCS-764-20', 'Y');
INSERT INTO hearing(id, hearingtype, daysestimated, bookingstatus, caseid, name, active) VALUES (7150, 'TRIAL', 1, 'NOTBOOKED', 9055, 'CCS-764-20', 'Y');
INSERT INTO hearing(id, hearingtype, daysestimated, bookingstatus, startdate, caseid, name, active) VALUES (7151, 'PCM', 1, 'NOTBOOKED', (current_date - INTERVAL '41 days'), 9056, 'PCM-CCS-764-21', 'Y');
INSERT INTO hearing(id, hearingtype, daysestimated, bookingstatus, caseid, name, active) VALUES (7152, 'TRIAL', 1, 'NOTBOOKED', 9056, 'CCS-764-21', 'Y');
INSERT INTO hearing(id, hearingtype, daysestimated, bookingstatus, startdate, caseid, name, active) VALUES (7153, 'PCM', 1, 'NOTBOOKED', (current_date - INTERVAL '41 days'), 9057, 'PCM-CCS-764-22', 'Y');
INSERT INTO hearing(id, hearingtype, daysestimated, bookingstatus, caseid, name, active) VALUES (7154, 'TRIAL', 1, 'NOTBOOKED', 9057, 'CCS-764-22', 'Y');
INSERT INTO hearing(id, hearingtype, daysestimated, bookingstatus, startdate, caseid, name, active) VALUES (7155, 'PCM', 1, 'NOTBOOKED', (current_date - INTERVAL '41 days'), 9058, 'PCM-CCS-764-23', 'Y');
INSERT INTO hearing(id, hearingtype, daysestimated, bookingstatus, caseid, name, active) VALUES (7156, 'TRIAL', 1, 'NOTBOOKED', 9058, 'CCS-764-23', 'Y');
INSERT INTO hearing(id, hearingtype, daysestimated, bookingstatus, startdate, caseid, name, active) VALUES (7157, 'PCM', 1, 'NOTBOOKED', (current_date - INTERVAL '41 days'), 9059, 'PCM-CCS-764-24', 'Y');
INSERT INTO hearing(id, hearingtype, daysestimated, bookingstatus, caseid, name, active) VALUES (7158, 'TRIAL', 1, 'NOTBOOKED', 9059, 'CCS-764-24', 'Y');
INSERT INTO hearing(id, hearingtype, daysestimated, bookingstatus, startdate, caseid, name, active) VALUES (7159, 'PCM', 1, 'NOTBOOKED', (current_date - INTERVAL '41 days'), 9060, 'PCM-CCS-764-25', 'Y');
INSERT INTO hearing(id, hearingtype, daysestimated, bookingstatus, caseid, name, active) VALUES (7160, 'TRIAL', 1, 'NOTBOOKED', 9060, 'CCS-764-25', 'Y');
INSERT INTO hearing(id, hearingtype, daysestimated, bookingstatus, startdate, caseid, name, active) VALUES (7161, 'PCM', 1, 'NOTBOOKED', (current_date - INTERVAL '41 days'), 9061, 'PCM-CCS-764-26', 'Y');
INSERT INTO hearing(id, hearingtype, daysestimated, bookingstatus, caseid, name, active) VALUES (7162, 'TRIAL', 1, 'NOTBOOKED', 9061, 'CCS-764-26', 'Y');
INSERT INTO hearing(id, hearingtype, daysestimated, bookingstatus, startdate, caseid, name, active) VALUES (7163, 'PCM', 1, 'NOTBOOKED', (current_date - INTERVAL '41 days'), 9062, 'PCM-CCS-764-27', 'Y');
INSERT INTO hearing(id, hearingtype, daysestimated, bookingstatus, caseid, name, active) VALUES (7164, 'TRIAL', 1, 'NOTBOOKED', 9062, 'CCS-764-27', 'Y');
INSERT INTO hearing(id, hearingtype, daysestimated, bookingstatus, startdate, caseid, name, active) VALUES (7165, 'PCM', 1, 'NOTBOOKED', (current_date - INTERVAL '41 days'), 9063, 'PCM-CCS-764-28', 'Y');
INSERT INTO hearing(id, hearingtype, daysestimated, bookingstatus, caseid, name, active) VALUES (7166, 'TRIAL', 1, 'NOTBOOKED', 9063, 'CCS-764-28', 'Y');
INSERT INTO hearing(id, hearingtype, daysestimated, bookingstatus, startdate, caseid, name, active) VALUES (7167, 'PCM', 1, 'NOTBOOKED', (current_date - INTERVAL '41 days'), 9064, 'PCM-CCS-764-29', 'Y');
INSERT INTO hearing(id, hearingtype, daysestimated, bookingstatus, caseid, name, active) VALUES (7168, 'TRIAL', 1, 'NOTBOOKED', 9064, 'CCS-764-29', 'Y');
INSERT INTO hearing(id, hearingtype, daysestimated, bookingstatus, startdate, caseid, name, active) VALUES (7169, 'PCM', 1, 'NOTBOOKED', (current_date - INTERVAL '41 days'), 9065, 'PCM-CCS-764-30', 'Y');
INSERT INTO hearing(id, hearingtype, daysestimated, bookingstatus, caseid, name, active) VALUES (7170, 'TRIAL', 1, 'NOTBOOKED', 9065, 'CCS-764-30', 'Y');
INSERT INTO hearing(id, hearingtype, daysestimated, bookingstatus, startdate, caseid, name, active) VALUES (7171, 'PCM', 1, 'NOTBOOKED', (current_date - INTERVAL '41 days'), 9066, 'PCM-CCS-764-31', 'Y');
INSERT INTO hearing(id, hearingtype, daysestimated, bookingstatus, caseid, name, active) VALUES (7172, 'TRIAL', 1, 'NOTBOOKED', 9066, 'CCS-764-31', 'Y');
INSERT INTO hearing(id, hearingtype, daysestimated, bookingstatus, startdate, caseid, name, active) VALUES (7173, 'PCM', 1, 'NOTBOOKED', (current_date - INTERVAL '41 days'), 9067, 'PCM-CCS-764-32', 'Y');
INSERT INTO hearing(id, hearingtype, daysestimated, bookingstatus, caseid, name, active) VALUES (7174, 'TRIAL', 1, 'NOTBOOKED', 9067, 'CCS-764-32', 'Y');
INSERT INTO hearing(id, hearingtype, daysestimated, bookingstatus, startdate, caseid, name, active) VALUES (7175, 'PCM', 1, 'NOTBOOKED', (current_date - INTERVAL '41 days'), 9068, 'PCM-CCS-764-33', 'Y');
INSERT INTO hearing(id, hearingtype, daysestimated, bookingstatus, caseid, name, active) VALUES (7176, 'TRIAL', 1, 'NOTBOOKED', 9068, 'CCS-764-33', 'Y');
INSERT INTO hearing(id, hearingtype, daysestimated, bookingstatus, startdate, caseid, name, active) VALUES (7177, 'PCM', 1, 'NOTBOOKED', (current_date - INTERVAL '41 days'), 9069, 'PCM-CCS-764-34', 'Y');
INSERT INTO hearing(id, hearingtype, daysestimated, bookingstatus, caseid, name, active) VALUES (7178, 'TRIAL', 1, 'NOTBOOKED', 9069, 'CCS-764-34', 'Y');
INSERT INTO hearing(id, hearingtype, daysestimated, bookingstatus, startdate, caseid, name, active) VALUES (7179, 'PCM', 1, 'NOTBOOKED', (current_date - INTERVAL '41 days'), 9070, 'PCM-CCS-764-35', 'Y');
INSERT INTO hearing(id, hearingtype, daysestimated, bookingstatus, caseid, name, active) VALUES (7180, 'TRIAL', 1, 'NOTBOOKED', 9070, 'CCS-764-35', 'Y');
INSERT INTO hearing(id, hearingtype, daysestimated, bookingstatus, startdate, caseid, name, active) VALUES (7181, 'PCM', 1, 'NOTBOOKED', (current_date - INTERVAL '41 days'), 9071, 'PCM-CCS-764-36', 'Y');
INSERT INTO hearing(id, hearingtype, daysestimated, bookingstatus, caseid, name, active) VALUES (7182, 'TRIAL', 1, 'NOTBOOKED', 9071, 'CCS-764-36', 'Y');
INSERT INTO hearing(id, hearingtype, daysestimated, bookingstatus, startdate, caseid, name, active) VALUES (7183, 'PCM', 1, 'NOTBOOKED', (current_date - INTERVAL '41 days'), 9072, 'PCM-CCS-764-37', 'Y');
INSERT INTO hearing(id, hearingtype, daysestimated, bookingstatus, caseid, name, active) VALUES (7184, 'TRIAL', 1, 'NOTBOOKED', 9072, 'CCS-764-37', 'Y');

-- Hearings for FindSlotMatchAllocatedJudge
INSERT INTO hearing(id, hearingtype, daysestimated, bookingstatus, caseid, name, active) VALUES (7185, 'TRIAL', 1, 'NOTBOOKED', 9073, 'TrialA', 'Y');
INSERT INTO hearing(id, hearingtype, daysestimated, bookingstatus, caseid, name, active) VALUES (7186, 'TRIAL', 1, 'NOTBOOKED', 9074, 'TrialB', 'Y');
INSERT INTO hearing(id, hearingtype, daysestimated, bookingstatus, caseid, name, active) VALUES (7187, 'TRIAL', 1, 'NOTBOOKED', 9075, 'TrialC', 'Y');
INSERT INTO hearing(id, hearingtype, daysestimated, bookingstatus, caseid, name, active) VALUES (7188, 'TRIAL', 1, 'NOTBOOKED', 9076, 'TrialD', 'Y');
INSERT INTO hearing(id, hearingtype, daysestimated, bookingstatus, caseid, name, active) VALUES (7189, 'TRIAL', 1, 'NOTBOOKED', 9077, 'TrialF', 'Y');

update hearing set hearingkey= 'Hearing'||id where id < 10000;

INSERT INTO person (id, lastmodifiedon, address, personfullname, phonenumber) VALUES (1001, current_date, 'Address 1', 'Tom', '1111111');
INSERT INTO person (id, lastmodifiedon, address, personfullname, phonenumber) VALUES (1002, current_date, 'Address 2', 'Ted', '2222222');
INSERT INTO person (id, lastmodifiedon, address, personfullname, phonenumber) VALUES (1003, current_date, 'Address 3', 'Troy', '3333333');
INSERT INTO person (id, lastmodifiedon, address, personfullname, phonenumber) VALUES (1004, current_date, 'Address 4', 'Nigel', '4444444');
INSERT INTO person (id, lastmodifiedon, address, personfullname, phonenumber) VALUES (1005, current_date, 'Address 5', 'Nigel', '5555555');
INSERT INTO person (id, lastmodifiedon, address, personfullname, phonenumber) VALUES (1006, current_date, 'Address 6', 'Buster Edwards', '5555555');
INSERT INTO person (id, lastmodifiedon, address, personfullname, phonenumber) VALUES (1007, current_date, 'Address', 'Innocent', '0000000');

INSERT INTO personincase (id, lastmodifiedon, ctlexpireson, custodystatus, roleincase, caseurn,  caseid, personid) VALUES (1001, current_date, NULL, 'BAIL', 'DEFENDANT', '12GT1234515', 1000, 1001);
INSERT INTO personincase (id, lastmodifiedon, ctlexpireson, custodystatus, roleincase, caseid, personid) VALUES (1002, current_date, '2015-05-21 00:00:00', 'CUSTODY', 'DEFENDANT', 1000, 1002);
INSERT INTO personincase (id, lastmodifiedon, ctlexpireson, custodystatus, roleincase, caseurn, caseid, personid) VALUES (1003, current_date, (current_date + INTERVAL '4 days'), 'CUSTODY', 'DEFENDANT', '16TE5432114', 1000, 1004);
INSERT INTO personincase (id, lastmodifiedon, ctlexpireson, custodystatus, roleincase, caseurn,  caseid, personid) VALUES (1004, current_date, NULL, 'BAIL', 'DEFENDANT', '2103', 2000, 1001);
INSERT INTO personincase (id, lastmodifiedon, ctlexpireson, custodystatus, roleincase, caseid, personid) VALUES (1005, current_date, '2015-05-21 00:00:00', 'CUSTODY', 'DEFENDANT', 2000, 1002);
INSERT INTO personincase (id, lastmodifiedon, ctlexpireson, custodystatus, roleincase, caseurn,  caseid, personid) VALUES (1006, current_date, NULL, 'NOTAPPLICABLE', 'DEFENDANT', '12GT1234515', 7000, 1001);
INSERT INTO personincase (id, lastmodifiedon, ctlexpireson, custodystatus, roleincase, caseid, personid) VALUES (1007, current_date, '2015-05-21 00:00:00', 'INCARE', 'DEFENDANT', 7000, 1002);
INSERT INTO personincase (id, lastmodifiedon, ctlexpireson, custodystatus, roleincase, caseurn, caseid, personid) VALUES (1008, current_date, (current_date + INTERVAL '4 days'), 'INCARE', 'DEFENDANT', '16TE5432114', 7000, 1004);

-- Create Defendants for Find Slot Default Time Window
INSERT INTO personincase (id, lastmodifiedon, custodystatus, roleincase, caseurn, caseid, personid) VALUES (1009, current_date, 'INCARE', 'DEFENDANT', '16TE5432114', 9018, 1004);
INSERT INTO personincase (id, lastmodifiedon, ctlexpireson, custodystatus, roleincase, caseurn, caseid, personid) VALUES (1010, current_date, (current_date + INTERVAL '60 days'), 'INCARE', 'DEFENDANT', '16TE5432114', 9019, 1004);
INSERT INTO personincase (id, lastmodifiedon, ctlexpireson, custodystatus, roleincase, caseurn, caseid, personid) VALUES (1011, current_date, (current_date + INTERVAL '80 days'), 'INCARE', 'DEFENDANT', '16TE5432114', 9020, 1004);
INSERT INTO personincase (id, lastmodifiedon, custodystatus, roleincase, caseurn, caseid, personid) VALUES (1012, current_date, 'INCARE', 'DEFENDANT', '16TE5432114', 9021, 1003);
INSERT INTO personincase (id, lastmodifiedon, custodystatus, roleincase, caseurn, caseid, personid) VALUES (1013, current_date, 'INCARE', 'DEFENDANT', '16TE5432114', 9021, 1004);
INSERT INTO personincase (id, lastmodifiedon, ctlexpireson, custodystatus, roleincase, caseurn, caseid, personid) VALUES (1014, current_date, (current_date + INTERVAL '60 days'), 'INCARE', 'DEFENDANT', '16TE5432114', 9022, 1003);
INSERT INTO personincase (id, lastmodifiedon, custodystatus, roleincase, caseurn, caseid, personid) VALUES (1015, current_date, 'INCARE', 'DEFENDANT', '16TE5432114', 9022, 1004);
INSERT INTO personincase (id, lastmodifiedon, ctlexpireson, custodystatus, roleincase, caseurn, caseid, personid) VALUES (1016, current_date, (current_date + INTERVAL '80 days'), 'INCARE', 'DEFENDANT', '16TE5432114', 9023, 1003);
INSERT INTO personincase (id, lastmodifiedon, custodystatus, roleincase, caseurn, caseid, personid) VALUES (1017, current_date, 'INCARE', 'DEFENDANT', '16TE5432114', 9023, 1004);
INSERT INTO personincase (id, lastmodifiedon, custodystatus, roleincase, caseurn, caseid, personid) VALUES (1018, current_date, 'INCARE', 'DEFENDANT', '16TE5432114', 9024, 1003);
INSERT INTO personincase (id, lastmodifiedon, ctlexpireson, custodystatus, roleincase, caseurn, caseid, personid) VALUES (1019, current_date, (current_date + INTERVAL '61 days'), 'INCARE', 'DEFENDANT', '16TE5432114', 9024, 1004);
INSERT INTO personincase (id, lastmodifiedon, custodystatus, roleincase, caseurn, caseid, personid) VALUES (1020, current_date, 'INCARE', 'DEFENDANT', '16TE5432114', 9025, 1003);
INSERT INTO personincase (id, lastmodifiedon, ctlexpireson, custodystatus, roleincase, caseurn, caseid, personid) VALUES (1021, current_date, (current_date + INTERVAL '79 days'), 'INCARE', 'DEFENDANT', '16TE5432114', 9025, 1004);

INSERT INTO personincase (id, lastmodifiedon, ctlexpireson, custodystatus, roleincase, caseurn, caseid, personid) VALUES (1022, current_date, (current_date + INTERVAL '62 days'), 'INCARE', 'DEFENDANT', '16TE5432114', 9026, 1003);
INSERT INTO personincase (id, lastmodifiedon, ctlexpireson, custodystatus, roleincase, caseurn, caseid, personid) VALUES (1023, current_date, (current_date + INTERVAL '51 days'), 'INCARE', 'DEFENDANT', '16TE5432114', 9026, 1004);

INSERT INTO personincase (id, lastmodifiedon, ctlexpireson, custodystatus, roleincase, caseurn, caseid, personid) VALUES (1024, current_date, (current_date + INTERVAL '52 days'), 'INCARE', 'DEFENDANT', '16TE5432114', 9027, 1003);
INSERT INTO personincase (id, lastmodifiedon, ctlexpireson, custodystatus, roleincase, caseurn, caseid, personid) VALUES (1025, current_date, (current_date + INTERVAL '59 days'), 'INCARE', 'DEFENDANT', '16TE5432114', 9027, 1004);

INSERT INTO personincase (id, lastmodifiedon, ctlexpireson, custodystatus, roleincase, caseurn, caseid, personid) VALUES (1026, current_date, (current_date + INTERVAL '60 days'), 'INCARE', 'DEFENDANT', '16TE5432114', 9028, 1003);
INSERT INTO personincase (id, lastmodifiedon, ctlexpireson, custodystatus, roleincase, caseurn, caseid, personid) VALUES (1027, current_date, (current_date + INTERVAL '80 days'), 'INCARE', 'DEFENDANT', '16TE5432114', 9028, 1004);

INSERT INTO personincase (id, lastmodifiedon, ctlexpireson, custodystatus, roleincase, caseurn, caseid, personid) VALUES (1028, current_date, (current_date + INTERVAL '80 days'), 'INCARE', 'DEFENDANT', '16TE5432114', 9029, 1003);
INSERT INTO personincase (id, lastmodifiedon, ctlexpireson, custodystatus, roleincase, caseurn, caseid, personid) VALUES (1029, current_date, (current_date + INTERVAL '60 days'), 'INCARE', 'DEFENDANT', '16TE5432114', 9029, 1004);

INSERT INTO personincase (id, lastmodifiedon, ctlexpireson, custodystatus, roleincase, caseurn, caseid, personid) VALUES (1030, current_date, (current_date + INTERVAL '80 days'), 'INCARE', 'DEFENDANT', '16TE5432114', 9030, 1003);
INSERT INTO personincase (id, lastmodifiedon, ctlexpireson, custodystatus, roleincase, caseurn, caseid, personid) VALUES (1031, current_date, (current_date + INTERVAL '90 days'), 'INCARE', 'DEFENDANT', '16TE5432114', 9030, 1004);

INSERT INTO personincase (id, lastmodifiedon, ctlexpireson, custodystatus, roleincase, caseurn, caseid, personid) VALUES (1032, current_date, (current_date + INTERVAL '90 days'), 'INCARE', 'DEFENDANT', '16TE5432114', 9031, 1003);
INSERT INTO personincase (id, lastmodifiedon, ctlexpireson, custodystatus, roleincase, caseurn, caseid, personid) VALUES (1033, current_date, (current_date + INTERVAL '80 days'), 'INCARE', 'DEFENDANT', '16TE5432114', 9031, 1004);

INSERT INTO personincase (id, lastmodifiedon, custodystatus, roleincase, caseurn, caseid, personid) VALUES (1034, current_date, 'INCARE', 'DEFENDANT', '16TE5432114', 9032, 1004);
INSERT INTO personincase (id, lastmodifiedon, custodystatus, roleincase, caseurn, caseid, personid) VALUES (1035, current_date, 'INCARE', 'DEFENDANT', '16TE5432114', 9033, 1004);
INSERT INTO personincase (id, lastmodifiedon, custodystatus, roleincase, caseurn, caseid, personid) VALUES (1036, current_date, 'INCARE', 'DEFENDANT', '16TE5432114', 9034, 1004);
INSERT INTO personincase (id, lastmodifiedon, custodystatus, roleincase, caseurn, caseid, personid) VALUES (1037, current_date, 'INCARE', 'DEFENDANT', '16TE5432114', 9035, 1004);

-- Defendants for CreateCase.Feature
INSERT INTO personincase (id, ctlexpireson, custodystatus, roleincase, caseurn, caseid, personid) VALUES (1038, current_date, 'CUSTODY', 'DEFENDANT', '9-A-', 9079, 1006);
INSERT INTO personincase (id, ctlexpireson, custodystatus, roleincase, caseurn, caseid, personid) VALUES (1039, current_date, 'CUSTODY', 'DEFENDANT', '9-A-', 9080, 1007);

INSERT INTO linkedcases VALUES (4000, 2000);
INSERT INTO linkedcases VALUES (4000, 3000);
INSERT INTO linkedcases(casedrelatedid, casedlinkedid) VALUES (9095, 1000);
INSERT INTO linkedcases(casedrelatedid, casedlinkedid) VALUES (9096, 1000);

INSERT INTO crustnonavailabledates(id, enddate, reason, startdate, caseid) VALUES (1000, '2015-10-21 00:00:00', 'Witness on holidays', '2015-08-21 00:00:00', '1000');
INSERT INTO crustnonavailabledates(id, enddate, reason, startdate, caseid) VALUES (1001, '2015-09-21 00:00:00', 'Witness on vacation', '2015-07-21 00:00:00', '1000');

-- set block sessions for next three years to be TRIAL
--INSERT INTO courtroom VALUES (1001, 'room1');
--INSERT INTO sessionblock(id, blocktype, casesperhour, enddate, isbackup, startdate, sessionid) SELECT x.id, 'TRIAL', null, null, null, null, null FROM generate_series(1000,2100) AS x(id);


